img,mask
map_122.png,map_122.png
map_0.png,map_0.png
map_1.png,map_1.png
map_2.png,map_2.png
map_3.png,map_3.png
map_4.png,map_4.png
map_5.png,map_5.png
map_6.png,map_6.png
map_7.png,map_7.png
map_8.png,map_8.png
map_9.png,map_9.png
map_10.png,map_10.png
map_11.png,map_11.png
map_12.png,map_12.png
map_13.png,map_13.png
map_14.png,map_14.png
map_15.png,map_15.png
map_16.png,map_16.png
map_17.png,map_17.png
map_18.png,map_18.png
map_19.png,map_19.png
map_20.png,map_20.png
map_21.png,map_21.png
map_22.png,map_22.png
map_23.png,map_23.png
map_24.png,map_24.png
map_25.png,map_25.png
map_26.png,map_26.png
map_27.png,map_27.png
map_28.png,map_28.png
map_29.png,map_29.png
map_30.png,map_30.png
map_31.png,map_31.png
map_32.png,map_32.png
map_33.png,map_33.png
map_34.png,map_34.png
map_35.png,map_35.png
map_36.png,map_36.png
map_37.png,map_37.png
map_38.png,map_38.png
map_39.png,map_39.png
map_40.png,map_40.png
map_41.png,map_41.png
map_42.png,map_42.png
map_43.png,map_43.png
map_44.png,map_44.png
map_45.png,map_45.png
map_46.png,map_46.png
map_47.png,map_47.png
map_48.png,map_48.png
map_49.png,map_49.png
map_50.png,map_50.png
map_51.png,map_51.png
map_52.png,map_52.png
map_53.png,map_53.png
map_54.png,map_54.png
map_55.png,map_55.png
map_56.png,map_56.png
map_57.png,map_57.png
map_58.png,map_58.png
map_59.png,map_59.png
map_60.png,map_60.png
map_61.png,map_61.png
map_62.png,map_62.png
map_63.png,map_63.png
map_64.png,map_64.png
map_65.png,map_65.png
map_66.png,map_66.png
map_67.png,map_67.png
map_68.png,map_68.png
map_69.png,map_69.png
map_70.png,map_70.png
map_71.png,map_71.png
map_72.png,map_72.png
map_73.png,map_73.png
map_74.png,map_74.png
map_75.png,map_75.png
map_76.png,map_76.png
map_77.png,map_77.png
map_78.png,map_78.png
map_79.png,map_79.png
map_80.png,map_80.png
map_81.png,map_81.png
map_82.png,map_82.png
map_83.png,map_83.png
map_84.png,map_84.png
map_85.png,map_85.png
map_86.png,map_86.png
map_87.png,map_87.png
map_88.png,map_88.png
map_89.png,map_89.png
map_90.png,map_90.png
map_91.png,map_91.png
map_92.png,map_92.png
map_93.png,map_93.png
map_94.png,map_94.png
map_95.png,map_95.png
map_96.png,map_96.png
map_97.png,map_97.png
map_98.png,map_98.png
map_99.png,map_99.png
map_100.png,map_100.png
map_101.png,map_101.png
map_102.png,map_102.png
map_103.png,map_103.png
map_104.png,map_104.png
map_105.png,map_105.png
map_106.png,map_106.png
map_107.png,map_107.png
map_108.png,map_108.png
map_109.png,map_109.png
map_110.png,map_110.png
map_111.png,map_111.png
map_112.png,map_112.png
map_113.png,map_113.png
map_114.png,map_114.png
map_115.png,map_115.png
map_116.png,map_116.png
map_117.png,map_117.png
map_118.png,map_118.png
map_119.png,map_119.png
map_120.png,map_120.png
map_121.png,map_121.png
map_123.png,map_123.png
map_124.png,map_124.png
map_125.png,map_125.png
map_126.png,map_126.png
map_127.png,map_127.png
map_128.png,map_128.png
map_129.png,map_129.png
map_130.png,map_130.png
map_131.png,map_131.png
map_132.png,map_132.png
map_133.png,map_133.png
map_134.png,map_134.png
map_135.png,map_135.png
map_136.png,map_136.png
map_137.png,map_137.png
map_138.png,map_138.png
map_139.png,map_139.png
map_140.png,map_140.png
map_141.png,map_141.png
map_142.png,map_142.png
map_143.png,map_143.png
map_144.png,map_144.png
map_145.png,map_145.png
map_146.png,map_146.png
map_147.png,map_147.png
map_148.png,map_148.png
map_149.png,map_149.png
map_150.png,map_150.png
map_151.png,map_151.png
map_152.png,map_152.png
map_153.png,map_153.png
map_154.png,map_154.png
map_155.png,map_155.png
map_156.png,map_156.png
map_157.png,map_157.png
map_158.png,map_158.png
map_159.png,map_159.png
map_160.png,map_160.png
map_161.png,map_161.png
map_162.png,map_162.png
map_163.png,map_163.png
map_164.png,map_164.png
map_165.png,map_165.png
map_166.png,map_166.png
map_167.png,map_167.png
map_168.png,map_168.png
map_169.png,map_169.png
map_170.png,map_170.png
map_171.png,map_171.png
map_172.png,map_172.png
map_173.png,map_173.png
map_174.png,map_174.png
map_175.png,map_175.png
map_176.png,map_176.png
map_177.png,map_177.png
map_178.png,map_178.png
map_179.png,map_179.png
map_180.png,map_180.png
map_181.png,map_181.png
map_182.png,map_182.png
map_183.png,map_183.png
map_184.png,map_184.png
map_185.png,map_185.png
map_186.png,map_186.png
map_187.png,map_187.png
map_188.png,map_188.png
map_189.png,map_189.png
map_190.png,map_190.png
map_191.png,map_191.png
map_192.png,map_192.png
map_193.png,map_193.png
map_194.png,map_194.png
map_195.png,map_195.png
map_196.png,map_196.png
map_197.png,map_197.png
map_198.png,map_198.png
map_199.png,map_199.png
map_200.png,map_200.png
map_201.png,map_201.png
map_202.png,map_202.png
map_203.png,map_203.png
map_204.png,map_204.png
map_205.png,map_205.png
map_206.png,map_206.png
map_207.png,map_207.png
map_208.png,map_208.png
map_209.png,map_209.png
map_210.png,map_210.png
map_211.png,map_211.png
map_212.png,map_212.png
map_213.png,map_213.png
map_214.png,map_214.png
map_215.png,map_215.png
map_216.png,map_216.png
map_217.png,map_217.png
map_218.png,map_218.png
map_219.png,map_219.png
map_220.png,map_220.png
map_221.png,map_221.png
map_222.png,map_222.png
map_223.png,map_223.png
map_224.png,map_224.png
map_225.png,map_225.png
map_226.png,map_226.png
map_227.png,map_227.png
map_228.png,map_228.png
map_229.png,map_229.png
map_230.png,map_230.png
map_231.png,map_231.png
map_232.png,map_232.png
map_233.png,map_233.png
map_234.png,map_234.png
map_235.png,map_235.png
map_236.png,map_236.png
map_237.png,map_237.png
map_238.png,map_238.png
map_239.png,map_239.png
map_240.png,map_240.png
map_241.png,map_241.png
map_242.png,map_242.png
map_243.png,map_243.png
map_244.png,map_244.png
map_245.png,map_245.png
map_246.png,map_246.png
map_247.png,map_247.png
map_248.png,map_248.png
map_249.png,map_249.png
map_250.png,map_250.png
map_251.png,map_251.png
map_252.png,map_252.png
map_253.png,map_253.png
map_254.png,map_254.png
map_255.png,map_255.png
map_256.png,map_256.png
map_257.png,map_257.png
map_258.png,map_258.png
map_259.png,map_259.png
map_260.png,map_260.png
map_261.png,map_261.png
map_262.png,map_262.png
map_263.png,map_263.png
map_264.png,map_264.png
map_265.png,map_265.png
map_266.png,map_266.png
map_267.png,map_267.png
map_268.png,map_268.png
map_269.png,map_269.png
map_270.png,map_270.png
map_271.png,map_271.png
map_272.png,map_272.png
map_273.png,map_273.png
map_274.png,map_274.png
map_275.png,map_275.png
map_276.png,map_276.png
map_277.png,map_277.png
map_278.png,map_278.png
map_279.png,map_279.png
map_280.png,map_280.png
map_281.png,map_281.png
map_282.png,map_282.png
map_283.png,map_283.png
map_284.png,map_284.png
map_285.png,map_285.png
map_286.png,map_286.png
map_287.png,map_287.png
map_288.png,map_288.png
map_289.png,map_289.png
map_290.png,map_290.png
map_291.png,map_291.png
map_292.png,map_292.png
map_293.png,map_293.png
map_294.png,map_294.png
map_295.png,map_295.png
map_296.png,map_296.png
map_297.png,map_297.png
map_298.png,map_298.png
map_299.png,map_299.png
map_300.png,map_300.png
map_301.png,map_301.png
map_302.png,map_302.png
map_303.png,map_303.png
map_304.png,map_304.png
map_305.png,map_305.png
map_306.png,map_306.png
map_307.png,map_307.png
map_308.png,map_308.png
map_309.png,map_309.png
map_310.png,map_310.png
map_311.png,map_311.png
map_312.png,map_312.png
map_313.png,map_313.png
map_314.png,map_314.png
map_315.png,map_315.png
map_316.png,map_316.png
map_317.png,map_317.png
map_318.png,map_318.png
map_319.png,map_319.png
map_320.png,map_320.png
map_321.png,map_321.png
map_322.png,map_322.png
map_323.png,map_323.png
map_324.png,map_324.png
map_325.png,map_325.png
map_326.png,map_326.png
map_327.png,map_327.png
map_328.png,map_328.png
map_329.png,map_329.png
map_330.png,map_330.png
map_331.png,map_331.png
map_332.png,map_332.png
map_333.png,map_333.png
map_334.png,map_334.png
map_335.png,map_335.png
map_336.png,map_336.png
map_337.png,map_337.png
map_338.png,map_338.png
map_339.png,map_339.png
map_340.png,map_340.png
map_341.png,map_341.png
map_342.png,map_342.png
map_343.png,map_343.png
map_344.png,map_344.png
map_345.png,map_345.png
map_346.png,map_346.png
map_347.png,map_347.png
map_348.png,map_348.png
map_349.png,map_349.png
map_350.png,map_350.png
map_351.png,map_351.png
map_352.png,map_352.png
map_353.png,map_353.png
map_354.png,map_354.png
map_355.png,map_355.png
map_356.png,map_356.png
map_357.png,map_357.png
map_358.png,map_358.png
map_359.png,map_359.png
map_360.png,map_360.png
map_361.png,map_361.png
map_362.png,map_362.png
map_363.png,map_363.png
map_364.png,map_364.png
map_365.png,map_365.png
map_366.png,map_366.png
map_367.png,map_367.png
map_368.png,map_368.png
map_369.png,map_369.png
map_370.png,map_370.png
map_371.png,map_371.png
map_372.png,map_372.png
map_373.png,map_373.png
map_374.png,map_374.png
map_375.png,map_375.png
map_376.png,map_376.png
map_377.png,map_377.png
map_378.png,map_378.png
map_379.png,map_379.png
map_380.png,map_380.png
map_381.png,map_381.png
map_382.png,map_382.png
map_383.png,map_383.png
map_384.png,map_384.png
map_385.png,map_385.png
map_386.png,map_386.png
map_387.png,map_387.png
map_388.png,map_388.png
map_389.png,map_389.png
map_390.png,map_390.png
map_391.png,map_391.png
map_392.png,map_392.png
map_393.png,map_393.png
map_394.png,map_394.png
map_395.png,map_395.png
map_396.png,map_396.png
map_397.png,map_397.png
map_398.png,map_398.png
map_399.png,map_399.png
map_400.png,map_400.png
map_401.png,map_401.png
map_402.png,map_402.png
map_403.png,map_403.png
map_404.png,map_404.png
map_405.png,map_405.png
map_406.png,map_406.png
map_407.png,map_407.png
map_408.png,map_408.png
map_409.png,map_409.png
map_410.png,map_410.png
map_411.png,map_411.png
map_412.png,map_412.png
map_413.png,map_413.png
map_414.png,map_414.png
map_415.png,map_415.png
map_416.png,map_416.png
map_417.png,map_417.png
map_418.png,map_418.png
map_419.png,map_419.png
map_420.png,map_420.png
map_421.png,map_421.png
map_422.png,map_422.png
map_423.png,map_423.png
map_424.png,map_424.png
map_425.png,map_425.png
map_426.png,map_426.png
map_427.png,map_427.png
map_428.png,map_428.png
map_429.png,map_429.png
map_430.png,map_430.png
map_431.png,map_431.png
map_432.png,map_432.png
map_433.png,map_433.png
map_434.png,map_434.png
map_435.png,map_435.png
map_436.png,map_436.png
map_437.png,map_437.png
map_438.png,map_438.png
map_439.png,map_439.png
map_440.png,map_440.png
map_441.png,map_441.png
map_442.png,map_442.png
map_443.png,map_443.png
map_444.png,map_444.png
map_445.png,map_445.png
map_446.png,map_446.png
map_447.png,map_447.png
map_448.png,map_448.png
map_449.png,map_449.png
map_450.png,map_450.png
map_451.png,map_451.png
map_452.png,map_452.png
map_453.png,map_453.png
map_454.png,map_454.png
map_455.png,map_455.png
map_456.png,map_456.png
map_457.png,map_457.png
map_458.png,map_458.png
map_459.png,map_459.png
map_460.png,map_460.png
map_461.png,map_461.png
map_462.png,map_462.png
map_463.png,map_463.png
map_464.png,map_464.png
map_465.png,map_465.png
map_466.png,map_466.png
map_467.png,map_467.png
map_468.png,map_468.png
map_469.png,map_469.png
map_470.png,map_470.png
map_471.png,map_471.png
map_472.png,map_472.png
map_473.png,map_473.png
map_474.png,map_474.png
map_475.png,map_475.png
map_476.png,map_476.png
map_477.png,map_477.png
map_478.png,map_478.png
map_479.png,map_479.png
map_480.png,map_480.png
map_481.png,map_481.png
map_482.png,map_482.png
map_483.png,map_483.png
map_484.png,map_484.png
map_485.png,map_485.png
map_486.png,map_486.png
map_487.png,map_487.png
map_488.png,map_488.png
map_489.png,map_489.png
map_490.png,map_490.png
map_491.png,map_491.png
map_492.png,map_492.png
map_493.png,map_493.png
map_494.png,map_494.png
map_495.png,map_495.png
map_496.png,map_496.png
map_497.png,map_497.png
map_498.png,map_498.png
map_499.png,map_499.png
map_500.png,map_500.png
map_501.png,map_501.png
map_502.png,map_502.png
map_503.png,map_503.png
map_504.png,map_504.png
map_505.png,map_505.png
map_506.png,map_506.png
map_507.png,map_507.png
map_508.png,map_508.png
map_509.png,map_509.png
map_510.png,map_510.png
map_511.png,map_511.png
map_512.png,map_512.png
map_513.png,map_513.png
map_514.png,map_514.png
map_515.png,map_515.png
map_516.png,map_516.png
map_517.png,map_517.png
map_518.png,map_518.png
map_519.png,map_519.png
map_520.png,map_520.png
map_521.png,map_521.png
map_522.png,map_522.png
map_523.png,map_523.png
map_524.png,map_524.png
map_525.png,map_525.png
map_526.png,map_526.png
map_527.png,map_527.png
map_528.png,map_528.png
map_529.png,map_529.png
map_530.png,map_530.png
map_531.png,map_531.png
map_532.png,map_532.png
map_533.png,map_533.png
map_534.png,map_534.png
map_535.png,map_535.png
map_536.png,map_536.png
map_537.png,map_537.png
map_538.png,map_538.png
map_539.png,map_539.png
map_540.png,map_540.png
map_541.png,map_541.png
map_542.png,map_542.png
map_543.png,map_543.png
map_544.png,map_544.png
map_545.png,map_545.png
map_546.png,map_546.png
map_547.png,map_547.png
map_548.png,map_548.png
map_549.png,map_549.png
map_550.png,map_550.png
map_551.png,map_551.png
map_552.png,map_552.png
map_553.png,map_553.png
map_554.png,map_554.png
map_555.png,map_555.png
map_556.png,map_556.png
map_557.png,map_557.png
map_558.png,map_558.png
map_559.png,map_559.png
map_560.png,map_560.png
map_561.png,map_561.png
map_562.png,map_562.png
map_563.png,map_563.png
map_564.png,map_564.png
map_565.png,map_565.png
map_566.png,map_566.png
map_567.png,map_567.png
map_568.png,map_568.png
map_569.png,map_569.png
map_570.png,map_570.png
map_571.png,map_571.png
map_572.png,map_572.png
map_573.png,map_573.png
map_574.png,map_574.png
map_575.png,map_575.png
map_576.png,map_576.png
map_577.png,map_577.png
map_578.png,map_578.png
map_579.png,map_579.png
map_580.png,map_580.png
map_581.png,map_581.png
map_582.png,map_582.png
map_583.png,map_583.png
map_584.png,map_584.png
map_585.png,map_585.png
map_586.png,map_586.png
map_587.png,map_587.png
map_588.png,map_588.png
map_589.png,map_589.png
map_590.png,map_590.png
map_591.png,map_591.png
map_592.png,map_592.png
map_593.png,map_593.png
map_594.png,map_594.png
map_595.png,map_595.png
map_596.png,map_596.png
map_597.png,map_597.png
map_598.png,map_598.png
map_599.png,map_599.png
map_600.png,map_600.png
map_601.png,map_601.png
map_602.png,map_602.png
map_603.png,map_603.png
map_604.png,map_604.png
map_605.png,map_605.png
map_606.png,map_606.png
map_607.png,map_607.png
map_608.png,map_608.png
map_609.png,map_609.png
map_610.png,map_610.png
map_611.png,map_611.png
map_612.png,map_612.png
map_613.png,map_613.png
map_614.png,map_614.png
map_615.png,map_615.png
map_616.png,map_616.png
map_617.png,map_617.png
map_618.png,map_618.png
map_619.png,map_619.png
map_620.png,map_620.png
map_621.png,map_621.png
map_622.png,map_622.png
map_623.png,map_623.png
map_624.png,map_624.png
map_625.png,map_625.png
map_626.png,map_626.png
map_627.png,map_627.png
map_628.png,map_628.png
map_629.png,map_629.png
map_630.png,map_630.png
map_631.png,map_631.png
map_632.png,map_632.png
map_633.png,map_633.png
map_634.png,map_634.png
map_635.png,map_635.png
map_636.png,map_636.png
map_637.png,map_637.png
map_638.png,map_638.png
map_639.png,map_639.png
map_640.png,map_640.png
map_641.png,map_641.png
map_642.png,map_642.png
map_643.png,map_643.png
map_644.png,map_644.png
map_645.png,map_645.png
map_646.png,map_646.png
map_647.png,map_647.png
map_648.png,map_648.png
map_649.png,map_649.png
map_650.png,map_650.png
map_651.png,map_651.png
map_652.png,map_652.png
map_653.png,map_653.png
map_654.png,map_654.png
map_655.png,map_655.png
map_656.png,map_656.png
map_657.png,map_657.png
map_658.png,map_658.png
map_659.png,map_659.png
map_660.png,map_660.png
map_661.png,map_661.png
map_662.png,map_662.png
map_663.png,map_663.png
map_664.png,map_664.png
map_665.png,map_665.png
map_666.png,map_666.png
map_667.png,map_667.png
map_668.png,map_668.png
map_669.png,map_669.png
map_670.png,map_670.png
map_671.png,map_671.png
map_672.png,map_672.png
map_673.png,map_673.png
map_674.png,map_674.png
map_675.png,map_675.png
map_676.png,map_676.png
map_677.png,map_677.png
map_678.png,map_678.png
map_679.png,map_679.png
map_680.png,map_680.png
map_681.png,map_681.png
map_682.png,map_682.png
map_683.png,map_683.png
map_684.png,map_684.png
map_685.png,map_685.png
map_686.png,map_686.png
map_687.png,map_687.png
map_688.png,map_688.png
map_689.png,map_689.png
map_690.png,map_690.png
map_691.png,map_691.png
map_692.png,map_692.png
map_693.png,map_693.png
map_694.png,map_694.png
map_695.png,map_695.png
map_696.png,map_696.png
map_697.png,map_697.png
map_698.png,map_698.png
map_699.png,map_699.png
map_700.png,map_700.png
map_701.png,map_701.png
map_702.png,map_702.png
map_703.png,map_703.png
map_704.png,map_704.png
map_705.png,map_705.png
map_706.png,map_706.png
map_707.png,map_707.png
map_708.png,map_708.png
map_709.png,map_709.png
map_710.png,map_710.png
map_711.png,map_711.png
map_712.png,map_712.png
map_713.png,map_713.png
map_714.png,map_714.png
map_715.png,map_715.png
map_716.png,map_716.png
map_717.png,map_717.png
map_718.png,map_718.png
map_719.png,map_719.png
map_720.png,map_720.png
map_721.png,map_721.png
map_722.png,map_722.png
map_723.png,map_723.png
map_724.png,map_724.png
map_725.png,map_725.png
map_726.png,map_726.png
map_727.png,map_727.png
map_728.png,map_728.png
map_729.png,map_729.png
map_730.png,map_730.png
map_731.png,map_731.png
map_732.png,map_732.png
map_733.png,map_733.png
map_734.png,map_734.png
map_735.png,map_735.png
map_736.png,map_736.png
map_737.png,map_737.png
map_738.png,map_738.png
map_739.png,map_739.png
map_740.png,map_740.png
map_741.png,map_741.png
map_742.png,map_742.png
map_743.png,map_743.png
map_744.png,map_744.png
map_745.png,map_745.png
map_746.png,map_746.png
map_747.png,map_747.png
map_748.png,map_748.png
map_749.png,map_749.png
map_750.png,map_750.png
map_751.png,map_751.png
map_752.png,map_752.png
map_753.png,map_753.png
map_754.png,map_754.png
map_755.png,map_755.png
map_756.png,map_756.png
map_757.png,map_757.png
map_758.png,map_758.png
map_759.png,map_759.png
map_760.png,map_760.png
map_761.png,map_761.png
map_762.png,map_762.png
map_763.png,map_763.png
map_764.png,map_764.png
map_765.png,map_765.png
map_766.png,map_766.png
map_767.png,map_767.png
map_768.png,map_768.png
map_769.png,map_769.png
map_770.png,map_770.png
map_771.png,map_771.png
map_772.png,map_772.png
map_773.png,map_773.png
map_774.png,map_774.png
map_775.png,map_775.png
map_776.png,map_776.png
map_777.png,map_777.png
map_778.png,map_778.png
map_779.png,map_779.png
map_780.png,map_780.png
map_781.png,map_781.png
map_782.png,map_782.png
map_783.png,map_783.png
map_784.png,map_784.png
map_785.png,map_785.png
map_786.png,map_786.png
map_787.png,map_787.png
map_788.png,map_788.png
map_789.png,map_789.png
map_790.png,map_790.png
map_791.png,map_791.png
map_792.png,map_792.png
map_793.png,map_793.png
map_794.png,map_794.png
map_795.png,map_795.png
map_796.png,map_796.png
map_797.png,map_797.png
map_798.png,map_798.png
map_799.png,map_799.png
map_800.png,map_800.png
map_801.png,map_801.png
map_802.png,map_802.png
map_803.png,map_803.png
map_804.png,map_804.png
map_805.png,map_805.png
map_806.png,map_806.png
map_807.png,map_807.png
map_808.png,map_808.png
map_809.png,map_809.png
map_810.png,map_810.png
map_811.png,map_811.png
map_812.png,map_812.png
map_813.png,map_813.png
map_814.png,map_814.png
map_815.png,map_815.png
map_816.png,map_816.png
map_817.png,map_817.png
map_818.png,map_818.png
map_819.png,map_819.png
map_820.png,map_820.png
map_821.png,map_821.png
map_822.png,map_822.png
map_823.png,map_823.png
map_824.png,map_824.png
map_825.png,map_825.png
map_826.png,map_826.png
map_827.png,map_827.png
map_828.png,map_828.png
map_829.png,map_829.png
map_830.png,map_830.png
map_831.png,map_831.png
map_832.png,map_832.png
map_833.png,map_833.png
map_834.png,map_834.png
map_835.png,map_835.png
map_836.png,map_836.png
map_837.png,map_837.png
map_838.png,map_838.png
map_839.png,map_839.png
map_840.png,map_840.png
map_841.png,map_841.png
map_842.png,map_842.png
map_843.png,map_843.png
map_844.png,map_844.png
map_845.png,map_845.png
map_846.png,map_846.png
map_847.png,map_847.png
map_848.png,map_848.png
map_849.png,map_849.png
map_850.png,map_850.png
map_851.png,map_851.png
map_852.png,map_852.png
map_853.png,map_853.png
map_854.png,map_854.png
map_855.png,map_855.png
map_856.png,map_856.png
map_857.png,map_857.png
map_858.png,map_858.png
map_859.png,map_859.png
map_860.png,map_860.png
map_861.png,map_861.png
map_862.png,map_862.png
map_863.png,map_863.png
map_864.png,map_864.png
map_865.png,map_865.png
map_866.png,map_866.png
map_867.png,map_867.png
map_868.png,map_868.png
map_869.png,map_869.png
map_870.png,map_870.png
map_871.png,map_871.png
map_872.png,map_872.png
map_873.png,map_873.png
map_874.png,map_874.png
map_875.png,map_875.png
map_876.png,map_876.png
map_877.png,map_877.png
map_878.png,map_878.png
map_879.png,map_879.png
map_880.png,map_880.png
map_881.png,map_881.png
map_882.png,map_882.png
map_883.png,map_883.png
map_884.png,map_884.png
map_885.png,map_885.png
map_886.png,map_886.png
map_887.png,map_887.png
map_888.png,map_888.png
map_889.png,map_889.png
map_890.png,map_890.png
map_891.png,map_891.png
map_892.png,map_892.png
map_893.png,map_893.png
map_894.png,map_894.png
map_895.png,map_895.png
map_896.png,map_896.png
map_897.png,map_897.png
map_898.png,map_898.png
map_899.png,map_899.png
map_900.png,map_900.png
map_901.png,map_901.png
map_902.png,map_902.png
map_903.png,map_903.png
map_904.png,map_904.png
map_905.png,map_905.png
map_906.png,map_906.png
map_907.png,map_907.png
map_908.png,map_908.png
map_909.png,map_909.png
map_910.png,map_910.png
map_911.png,map_911.png
map_912.png,map_912.png
map_913.png,map_913.png
map_914.png,map_914.png
map_915.png,map_915.png
map_916.png,map_916.png
map_917.png,map_917.png
map_918.png,map_918.png
map_919.png,map_919.png
map_920.png,map_920.png
map_921.png,map_921.png
map_922.png,map_922.png
map_923.png,map_923.png
map_924.png,map_924.png
map_925.png,map_925.png
map_926.png,map_926.png
map_927.png,map_927.png
map_928.png,map_928.png
map_929.png,map_929.png
map_930.png,map_930.png
map_931.png,map_931.png
map_932.png,map_932.png
map_933.png,map_933.png
map_934.png,map_934.png
map_935.png,map_935.png
map_936.png,map_936.png
map_937.png,map_937.png
map_938.png,map_938.png
map_939.png,map_939.png
map_940.png,map_940.png
map_941.png,map_941.png
map_942.png,map_942.png
map_943.png,map_943.png
map_944.png,map_944.png
map_945.png,map_945.png
map_946.png,map_946.png
map_947.png,map_947.png
map_948.png,map_948.png
map_949.png,map_949.png
map_950.png,map_950.png
map_951.png,map_951.png
map_952.png,map_952.png
map_953.png,map_953.png
map_954.png,map_954.png
map_955.png,map_955.png
map_956.png,map_956.png
map_957.png,map_957.png
map_958.png,map_958.png
map_959.png,map_959.png
map_960.png,map_960.png
map_961.png,map_961.png
map_962.png,map_962.png
map_963.png,map_963.png
map_964.png,map_964.png
map_965.png,map_965.png
map_966.png,map_966.png
map_967.png,map_967.png
map_968.png,map_968.png
map_969.png,map_969.png
map_970.png,map_970.png
map_971.png,map_971.png
map_972.png,map_972.png
map_973.png,map_973.png
map_974.png,map_974.png
map_975.png,map_975.png
map_976.png,map_976.png
map_977.png,map_977.png
map_978.png,map_978.png
map_979.png,map_979.png
map_980.png,map_980.png
map_981.png,map_981.png
map_982.png,map_982.png
map_983.png,map_983.png
map_984.png,map_984.png
map_985.png,map_985.png
map_986.png,map_986.png
map_987.png,map_987.png
map_988.png,map_988.png
map_989.png,map_989.png
map_990.png,map_990.png
map_991.png,map_991.png
map_992.png,map_992.png
map_993.png,map_993.png
map_994.png,map_994.png
map_995.png,map_995.png
map_996.png,map_996.png
map_997.png,map_997.png
map_998.png,map_998.png
map_999.png,map_999.png
map_1000.png,map_1000.png
map_1001.png,map_1001.png
map_1002.png,map_1002.png
map_1003.png,map_1003.png
map_1004.png,map_1004.png
map_1005.png,map_1005.png
map_1006.png,map_1006.png
map_1007.png,map_1007.png
map_1008.png,map_1008.png
map_1009.png,map_1009.png
map_1010.png,map_1010.png
map_1011.png,map_1011.png
map_1012.png,map_1012.png
map_1013.png,map_1013.png
map_1014.png,map_1014.png
map_1015.png,map_1015.png
map_1016.png,map_1016.png
map_1017.png,map_1017.png
map_1018.png,map_1018.png
map_1019.png,map_1019.png
map_1020.png,map_1020.png
map_1021.png,map_1021.png
map_1022.png,map_1022.png
map_1023.png,map_1023.png
map_1024.png,map_1024.png
map_1025.png,map_1025.png
map_1026.png,map_1026.png
map_1027.png,map_1027.png
map_1028.png,map_1028.png
map_1029.png,map_1029.png
map_1030.png,map_1030.png
map_1031.png,map_1031.png
map_1032.png,map_1032.png
map_1033.png,map_1033.png
map_1034.png,map_1034.png
map_1035.png,map_1035.png
map_1036.png,map_1036.png
map_1037.png,map_1037.png
map_1038.png,map_1038.png
map_1039.png,map_1039.png
map_1040.png,map_1040.png
map_1041.png,map_1041.png
map_1042.png,map_1042.png
map_1043.png,map_1043.png
map_1044.png,map_1044.png
map_1045.png,map_1045.png
map_1046.png,map_1046.png
map_1047.png,map_1047.png
map_1048.png,map_1048.png
map_1049.png,map_1049.png
map_1050.png,map_1050.png
map_1051.png,map_1051.png
map_1052.png,map_1052.png
map_1053.png,map_1053.png
map_1054.png,map_1054.png
map_1055.png,map_1055.png
map_1056.png,map_1056.png
map_1057.png,map_1057.png
map_1058.png,map_1058.png
map_1059.png,map_1059.png
map_1060.png,map_1060.png
map_1061.png,map_1061.png
map_1062.png,map_1062.png
map_1063.png,map_1063.png
map_1064.png,map_1064.png
map_1065.png,map_1065.png
map_1066.png,map_1066.png
map_1067.png,map_1067.png
map_1068.png,map_1068.png
map_1069.png,map_1069.png
map_1070.png,map_1070.png
map_1071.png,map_1071.png
map_1072.png,map_1072.png
map_1073.png,map_1073.png
map_1074.png,map_1074.png
map_1075.png,map_1075.png
map_1076.png,map_1076.png
map_1077.png,map_1077.png
map_1078.png,map_1078.png
map_1079.png,map_1079.png
map_1080.png,map_1080.png
map_1081.png,map_1081.png
map_1082.png,map_1082.png
map_1083.png,map_1083.png
map_1084.png,map_1084.png
map_1085.png,map_1085.png
map_1086.png,map_1086.png
map_1087.png,map_1087.png
map_1088.png,map_1088.png
map_1089.png,map_1089.png
map_1090.png,map_1090.png
map_1091.png,map_1091.png
map_1092.png,map_1092.png
map_1093.png,map_1093.png
map_1094.png,map_1094.png
map_1095.png,map_1095.png
map_1096.png,map_1096.png
map_1097.png,map_1097.png
map_1098.png,map_1098.png
map_1099.png,map_1099.png
map_1100.png,map_1100.png
map_1101.png,map_1101.png
map_1102.png,map_1102.png
map_1103.png,map_1103.png
map_1104.png,map_1104.png
map_1105.png,map_1105.png
map_1106.png,map_1106.png
map_1107.png,map_1107.png
map_1108.png,map_1108.png
map_1109.png,map_1109.png
map_1110.png,map_1110.png
map_1111.png,map_1111.png
map_1112.png,map_1112.png
map_1113.png,map_1113.png
map_1114.png,map_1114.png
map_1115.png,map_1115.png
map_1116.png,map_1116.png
map_1117.png,map_1117.png
map_1118.png,map_1118.png
map_1119.png,map_1119.png
map_1120.png,map_1120.png
map_1121.png,map_1121.png
map_1122.png,map_1122.png
map_1123.png,map_1123.png
map_1124.png,map_1124.png
map_1125.png,map_1125.png
map_1126.png,map_1126.png
map_1127.png,map_1127.png
map_1128.png,map_1128.png
map_1129.png,map_1129.png
map_1130.png,map_1130.png
map_1131.png,map_1131.png
map_1132.png,map_1132.png
map_1133.png,map_1133.png
map_1134.png,map_1134.png
map_1135.png,map_1135.png
map_1136.png,map_1136.png
map_1137.png,map_1137.png
map_1138.png,map_1138.png
map_1139.png,map_1139.png
map_1140.png,map_1140.png
map_1141.png,map_1141.png
map_1142.png,map_1142.png
map_1143.png,map_1143.png
map_1144.png,map_1144.png
map_1145.png,map_1145.png
map_1146.png,map_1146.png
map_1147.png,map_1147.png
map_1148.png,map_1148.png
map_1149.png,map_1149.png
map_1150.png,map_1150.png
map_1151.png,map_1151.png
map_1152.png,map_1152.png
map_1153.png,map_1153.png
map_1154.png,map_1154.png
map_1155.png,map_1155.png
map_1156.png,map_1156.png
map_1157.png,map_1157.png
map_1158.png,map_1158.png
map_1159.png,map_1159.png
map_1160.png,map_1160.png
map_1161.png,map_1161.png
map_1162.png,map_1162.png
map_1163.png,map_1163.png
map_1164.png,map_1164.png
map_1165.png,map_1165.png
map_1166.png,map_1166.png
map_1167.png,map_1167.png
map_1168.png,map_1168.png
map_1169.png,map_1169.png
map_1170.png,map_1170.png
map_1171.png,map_1171.png
map_1172.png,map_1172.png
map_1173.png,map_1173.png
map_1174.png,map_1174.png
map_1175.png,map_1175.png
map_1176.png,map_1176.png
map_1177.png,map_1177.png
map_1178.png,map_1178.png
map_1179.png,map_1179.png
map_1180.png,map_1180.png
map_1181.png,map_1181.png
map_1182.png,map_1182.png
map_1183.png,map_1183.png
map_1184.png,map_1184.png
map_1185.png,map_1185.png
map_1186.png,map_1186.png
map_1187.png,map_1187.png
map_1188.png,map_1188.png
map_1189.png,map_1189.png
map_1190.png,map_1190.png
map_1191.png,map_1191.png
map_1192.png,map_1192.png
map_1193.png,map_1193.png
map_1194.png,map_1194.png
map_1195.png,map_1195.png
map_1196.png,map_1196.png
map_1197.png,map_1197.png
map_1198.png,map_1198.png
map_1199.png,map_1199.png
map_1200.png,map_1200.png
map_1201.png,map_1201.png
map_1202.png,map_1202.png
map_1203.png,map_1203.png
map_1204.png,map_1204.png
map_1205.png,map_1205.png
map_1206.png,map_1206.png
map_1207.png,map_1207.png
map_1208.png,map_1208.png
map_1209.png,map_1209.png
map_1210.png,map_1210.png
map_1211.png,map_1211.png
map_1212.png,map_1212.png
map_1213.png,map_1213.png
map_1214.png,map_1214.png
map_1215.png,map_1215.png
map_1216.png,map_1216.png
map_1217.png,map_1217.png
map_1218.png,map_1218.png
map_1219.png,map_1219.png
map_1220.png,map_1220.png
map_1221.png,map_1221.png
map_1222.png,map_1222.png
map_1223.png,map_1223.png
map_1224.png,map_1224.png
map_1225.png,map_1225.png
map_1226.png,map_1226.png
map_1227.png,map_1227.png
map_1228.png,map_1228.png
map_1229.png,map_1229.png
map_1230.png,map_1230.png
map_1231.png,map_1231.png
map_1232.png,map_1232.png
map_1233.png,map_1233.png
map_1234.png,map_1234.png
map_1235.png,map_1235.png
map_1236.png,map_1236.png
map_1237.png,map_1237.png
map_1238.png,map_1238.png
map_1239.png,map_1239.png
map_1240.png,map_1240.png
map_1241.png,map_1241.png
map_1242.png,map_1242.png
map_1243.png,map_1243.png
map_1244.png,map_1244.png
map_1245.png,map_1245.png
map_1246.png,map_1246.png
map_1247.png,map_1247.png
map_1248.png,map_1248.png
map_1249.png,map_1249.png
map_1250.png,map_1250.png
map_1251.png,map_1251.png
map_1252.png,map_1252.png
map_1253.png,map_1253.png
map_1254.png,map_1254.png
map_1255.png,map_1255.png
map_1256.png,map_1256.png
map_1257.png,map_1257.png
map_1258.png,map_1258.png
map_1259.png,map_1259.png
map_1260.png,map_1260.png
map_1261.png,map_1261.png
map_1262.png,map_1262.png
map_1263.png,map_1263.png
map_1264.png,map_1264.png
map_1265.png,map_1265.png
map_1266.png,map_1266.png
map_1267.png,map_1267.png
map_1268.png,map_1268.png
map_1269.png,map_1269.png
map_1270.png,map_1270.png
map_1271.png,map_1271.png
map_1272.png,map_1272.png
map_1273.png,map_1273.png
map_1274.png,map_1274.png
map_1275.png,map_1275.png
map_1276.png,map_1276.png
map_1277.png,map_1277.png
map_1278.png,map_1278.png
map_1279.png,map_1279.png
map_1280.png,map_1280.png
map_1281.png,map_1281.png
map_1282.png,map_1282.png
map_1283.png,map_1283.png
map_1284.png,map_1284.png
map_1285.png,map_1285.png
map_1286.png,map_1286.png
map_1287.png,map_1287.png
map_1288.png,map_1288.png
map_1289.png,map_1289.png
map_1290.png,map_1290.png
map_1291.png,map_1291.png
map_1292.png,map_1292.png
map_1293.png,map_1293.png
map_1294.png,map_1294.png
map_1295.png,map_1295.png
map_1296.png,map_1296.png
map_1297.png,map_1297.png
map_1298.png,map_1298.png
map_1299.png,map_1299.png
map_1300.png,map_1300.png
map_1301.png,map_1301.png
map_1302.png,map_1302.png
map_1303.png,map_1303.png
map_1304.png,map_1304.png
map_1305.png,map_1305.png
map_1306.png,map_1306.png
map_1307.png,map_1307.png
map_1308.png,map_1308.png
map_1309.png,map_1309.png
map_1310.png,map_1310.png
map_1311.png,map_1311.png
map_1312.png,map_1312.png
map_1313.png,map_1313.png
map_1314.png,map_1314.png
map_1315.png,map_1315.png
map_1316.png,map_1316.png
map_1317.png,map_1317.png
map_1318.png,map_1318.png
map_1319.png,map_1319.png
map_1320.png,map_1320.png
map_1321.png,map_1321.png
map_1322.png,map_1322.png
map_1323.png,map_1323.png
map_1324.png,map_1324.png
map_1325.png,map_1325.png
map_1326.png,map_1326.png
map_1327.png,map_1327.png
map_1328.png,map_1328.png
map_1329.png,map_1329.png
map_1330.png,map_1330.png
map_1331.png,map_1331.png
map_1332.png,map_1332.png
map_1333.png,map_1333.png
map_1334.png,map_1334.png
map_1335.png,map_1335.png
map_1336.png,map_1336.png
map_1337.png,map_1337.png
map_1338.png,map_1338.png
map_1339.png,map_1339.png
map_1340.png,map_1340.png
map_1341.png,map_1341.png
map_1342.png,map_1342.png
map_1343.png,map_1343.png
map_1344.png,map_1344.png
map_1345.png,map_1345.png
map_1346.png,map_1346.png
map_1347.png,map_1347.png
map_1348.png,map_1348.png
map_1349.png,map_1349.png
map_1350.png,map_1350.png
map_1351.png,map_1351.png
map_1352.png,map_1352.png
map_1353.png,map_1353.png
map_1354.png,map_1354.png
map_1355.png,map_1355.png
map_1356.png,map_1356.png
map_1357.png,map_1357.png
map_1358.png,map_1358.png
map_1359.png,map_1359.png
map_1360.png,map_1360.png
map_1361.png,map_1361.png
map_1362.png,map_1362.png
map_1363.png,map_1363.png
map_1364.png,map_1364.png
map_1365.png,map_1365.png
map_1366.png,map_1366.png
map_1367.png,map_1367.png
map_1368.png,map_1368.png
map_1369.png,map_1369.png
map_1370.png,map_1370.png
map_1371.png,map_1371.png
map_1372.png,map_1372.png
map_1373.png,map_1373.png
map_1374.png,map_1374.png
map_1375.png,map_1375.png
map_1376.png,map_1376.png
map_1377.png,map_1377.png
map_1378.png,map_1378.png
map_1379.png,map_1379.png
map_1380.png,map_1380.png
map_1381.png,map_1381.png
map_1382.png,map_1382.png
map_1383.png,map_1383.png
map_1384.png,map_1384.png
map_1385.png,map_1385.png
map_1386.png,map_1386.png
map_1387.png,map_1387.png
map_1388.png,map_1388.png
map_1389.png,map_1389.png
map_1390.png,map_1390.png
map_1391.png,map_1391.png
map_1392.png,map_1392.png
map_1393.png,map_1393.png
map_1394.png,map_1394.png
map_1395.png,map_1395.png
map_1396.png,map_1396.png
map_1397.png,map_1397.png
map_1398.png,map_1398.png
map_1399.png,map_1399.png
map_1400.png,map_1400.png
map_1401.png,map_1401.png
map_1402.png,map_1402.png
map_1403.png,map_1403.png
map_1404.png,map_1404.png
map_1405.png,map_1405.png
map_1406.png,map_1406.png
map_1407.png,map_1407.png
map_1408.png,map_1408.png
map_1409.png,map_1409.png
map_1410.png,map_1410.png
map_1411.png,map_1411.png
map_1412.png,map_1412.png
map_1413.png,map_1413.png
map_1414.png,map_1414.png
map_1415.png,map_1415.png
map_1416.png,map_1416.png
map_1417.png,map_1417.png
map_1418.png,map_1418.png
map_1419.png,map_1419.png
map_1420.png,map_1420.png
map_1421.png,map_1421.png
map_1422.png,map_1422.png
map_1423.png,map_1423.png
map_1424.png,map_1424.png
map_1425.png,map_1425.png
map_1426.png,map_1426.png
map_1427.png,map_1427.png
map_1428.png,map_1428.png
map_1429.png,map_1429.png
map_1430.png,map_1430.png
map_1431.png,map_1431.png
map_1432.png,map_1432.png
map_1433.png,map_1433.png
map_1434.png,map_1434.png
map_1435.png,map_1435.png
map_1436.png,map_1436.png
map_1437.png,map_1437.png
map_1438.png,map_1438.png
map_1439.png,map_1439.png
map_1440.png,map_1440.png
map_1441.png,map_1441.png
map_1442.png,map_1442.png
map_1443.png,map_1443.png
map_1444.png,map_1444.png
map_1445.png,map_1445.png
map_1446.png,map_1446.png
map_1447.png,map_1447.png
map_1448.png,map_1448.png
map_1449.png,map_1449.png
map_1450.png,map_1450.png
map_1451.png,map_1451.png
map_1452.png,map_1452.png
map_1453.png,map_1453.png
map_1454.png,map_1454.png
map_1455.png,map_1455.png
map_1456.png,map_1456.png
map_1457.png,map_1457.png
map_1458.png,map_1458.png
map_1459.png,map_1459.png
map_1460.png,map_1460.png
map_1461.png,map_1461.png
map_1462.png,map_1462.png
map_1463.png,map_1463.png
map_1464.png,map_1464.png
map_1465.png,map_1465.png
map_1466.png,map_1466.png
map_1467.png,map_1467.png
map_1468.png,map_1468.png
map_1469.png,map_1469.png
map_1470.png,map_1470.png
map_1471.png,map_1471.png
map_1472.png,map_1472.png
map_1473.png,map_1473.png
map_1474.png,map_1474.png
map_1475.png,map_1475.png
map_1476.png,map_1476.png
map_1477.png,map_1477.png
map_1478.png,map_1478.png
map_1479.png,map_1479.png
map_1480.png,map_1480.png
map_1481.png,map_1481.png
map_1482.png,map_1482.png
map_1483.png,map_1483.png
map_1484.png,map_1484.png
map_1485.png,map_1485.png
map_1486.png,map_1486.png
map_1487.png,map_1487.png
map_1488.png,map_1488.png
map_1489.png,map_1489.png
map_1490.png,map_1490.png
map_1491.png,map_1491.png
map_1492.png,map_1492.png
map_1493.png,map_1493.png
map_1494.png,map_1494.png
map_1495.png,map_1495.png
map_1496.png,map_1496.png
map_1497.png,map_1497.png
map_1498.png,map_1498.png
map_1499.png,map_1499.png
map_1500.png,map_1500.png
map_1501.png,map_1501.png
map_1502.png,map_1502.png
map_1503.png,map_1503.png
map_1504.png,map_1504.png
map_1505.png,map_1505.png
map_1506.png,map_1506.png
map_1507.png,map_1507.png
map_1508.png,map_1508.png
map_1509.png,map_1509.png
map_1510.png,map_1510.png
map_1511.png,map_1511.png
map_1512.png,map_1512.png
map_1513.png,map_1513.png
map_1514.png,map_1514.png
map_1515.png,map_1515.png
map_1516.png,map_1516.png
map_1517.png,map_1517.png
map_1518.png,map_1518.png
map_1519.png,map_1519.png
map_1520.png,map_1520.png
map_1521.png,map_1521.png
map_1522.png,map_1522.png
map_1523.png,map_1523.png
map_1524.png,map_1524.png
map_1525.png,map_1525.png
map_1526.png,map_1526.png
map_1527.png,map_1527.png
map_1528.png,map_1528.png
map_1529.png,map_1529.png
map_1530.png,map_1530.png
map_1531.png,map_1531.png
map_1532.png,map_1532.png
map_1533.png,map_1533.png
map_1534.png,map_1534.png
map_1535.png,map_1535.png
map_1536.png,map_1536.png
map_1537.png,map_1537.png
map_1538.png,map_1538.png
map_1539.png,map_1539.png
map_1540.png,map_1540.png
map_1541.png,map_1541.png
map_1542.png,map_1542.png
map_1543.png,map_1543.png
map_1544.png,map_1544.png
map_1545.png,map_1545.png
map_1546.png,map_1546.png
map_1547.png,map_1547.png
map_1548.png,map_1548.png
map_1549.png,map_1549.png
map_1550.png,map_1550.png
map_1551.png,map_1551.png
map_1552.png,map_1552.png
map_1553.png,map_1553.png
map_1554.png,map_1554.png
map_1555.png,map_1555.png
map_1556.png,map_1556.png
map_1557.png,map_1557.png
map_1558.png,map_1558.png
map_1559.png,map_1559.png
map_1560.png,map_1560.png
map_1561.png,map_1561.png
map_1562.png,map_1562.png
map_1563.png,map_1563.png
map_1564.png,map_1564.png
map_1565.png,map_1565.png
map_1566.png,map_1566.png
map_1567.png,map_1567.png
map_1568.png,map_1568.png
map_1569.png,map_1569.png
map_1570.png,map_1570.png
map_1571.png,map_1571.png
map_1572.png,map_1572.png
map_1573.png,map_1573.png
map_1574.png,map_1574.png
map_1575.png,map_1575.png
map_1576.png,map_1576.png
map_1577.png,map_1577.png
map_1578.png,map_1578.png
map_1579.png,map_1579.png
map_1580.png,map_1580.png
map_1581.png,map_1581.png
map_1582.png,map_1582.png
map_1583.png,map_1583.png
map_1584.png,map_1584.png
map_1585.png,map_1585.png
map_1586.png,map_1586.png
map_1587.png,map_1587.png
map_1588.png,map_1588.png
map_1589.png,map_1589.png
map_1590.png,map_1590.png
map_1591.png,map_1591.png
map_1592.png,map_1592.png
map_1593.png,map_1593.png
map_1594.png,map_1594.png
map_1595.png,map_1595.png
map_1596.png,map_1596.png
map_1597.png,map_1597.png
map_1598.png,map_1598.png
map_1599.png,map_1599.png
map_1600.png,map_1600.png
map_1601.png,map_1601.png
map_1602.png,map_1602.png
map_1603.png,map_1603.png
map_1604.png,map_1604.png
map_1605.png,map_1605.png
map_1606.png,map_1606.png
map_1607.png,map_1607.png
map_1608.png,map_1608.png
map_1609.png,map_1609.png
map_1610.png,map_1610.png
map_1611.png,map_1611.png
map_1612.png,map_1612.png
map_1613.png,map_1613.png
map_1614.png,map_1614.png
map_1615.png,map_1615.png
map_1616.png,map_1616.png
map_1617.png,map_1617.png
map_1618.png,map_1618.png
map_1619.png,map_1619.png
map_1620.png,map_1620.png
map_1621.png,map_1621.png
map_1622.png,map_1622.png
map_1623.png,map_1623.png
map_1624.png,map_1624.png
map_1625.png,map_1625.png
map_1626.png,map_1626.png
map_1627.png,map_1627.png
map_1628.png,map_1628.png
map_1629.png,map_1629.png
map_1630.png,map_1630.png
map_1631.png,map_1631.png
map_1632.png,map_1632.png
map_1633.png,map_1633.png
map_1634.png,map_1634.png
map_1635.png,map_1635.png
map_1636.png,map_1636.png
map_1637.png,map_1637.png
map_1638.png,map_1638.png
map_1639.png,map_1639.png
map_1640.png,map_1640.png
map_1641.png,map_1641.png
map_1642.png,map_1642.png
map_1643.png,map_1643.png
map_1644.png,map_1644.png
map_1645.png,map_1645.png
map_1646.png,map_1646.png
map_1647.png,map_1647.png
map_1648.png,map_1648.png
map_1649.png,map_1649.png
map_1650.png,map_1650.png
map_1651.png,map_1651.png
map_1652.png,map_1652.png
map_1653.png,map_1653.png
map_1654.png,map_1654.png
map_1655.png,map_1655.png
map_1656.png,map_1656.png
map_1657.png,map_1657.png
map_1658.png,map_1658.png
map_1659.png,map_1659.png
map_1660.png,map_1660.png
map_1661.png,map_1661.png
map_1662.png,map_1662.png
map_1663.png,map_1663.png
map_1664.png,map_1664.png
map_1665.png,map_1665.png
map_1666.png,map_1666.png
map_1667.png,map_1667.png
map_1668.png,map_1668.png
map_1669.png,map_1669.png
map_1670.png,map_1670.png
map_1671.png,map_1671.png
map_1672.png,map_1672.png
map_1673.png,map_1673.png
map_1674.png,map_1674.png
map_1675.png,map_1675.png
map_1676.png,map_1676.png
map_1677.png,map_1677.png
map_1678.png,map_1678.png
map_1679.png,map_1679.png
map_1680.png,map_1680.png
map_1681.png,map_1681.png
map_1682.png,map_1682.png
map_1683.png,map_1683.png
map_1684.png,map_1684.png
map_1685.png,map_1685.png
map_1686.png,map_1686.png
map_1687.png,map_1687.png
map_1688.png,map_1688.png
map_1689.png,map_1689.png
map_1690.png,map_1690.png
map_1691.png,map_1691.png
map_1692.png,map_1692.png
map_1693.png,map_1693.png
map_1694.png,map_1694.png
map_1695.png,map_1695.png
map_1696.png,map_1696.png
map_1697.png,map_1697.png
map_1698.png,map_1698.png
map_1699.png,map_1699.png
map_1700.png,map_1700.png
map_1701.png,map_1701.png
map_1702.png,map_1702.png
map_1703.png,map_1703.png
map_1704.png,map_1704.png
map_1705.png,map_1705.png
map_1706.png,map_1706.png
map_1707.png,map_1707.png
map_1708.png,map_1708.png
map_1709.png,map_1709.png
map_1710.png,map_1710.png
map_1711.png,map_1711.png
map_1712.png,map_1712.png
map_1713.png,map_1713.png
map_1714.png,map_1714.png
map_1715.png,map_1715.png
map_1716.png,map_1716.png
map_1717.png,map_1717.png
map_1718.png,map_1718.png
map_1719.png,map_1719.png
map_1720.png,map_1720.png
map_1721.png,map_1721.png
map_1722.png,map_1722.png
map_1723.png,map_1723.png
map_1724.png,map_1724.png
map_1725.png,map_1725.png
map_1726.png,map_1726.png
map_1727.png,map_1727.png
map_1728.png,map_1728.png
map_1729.png,map_1729.png
map_1730.png,map_1730.png
map_1731.png,map_1731.png
map_1732.png,map_1732.png
map_1733.png,map_1733.png
map_1734.png,map_1734.png
map_1735.png,map_1735.png
map_1736.png,map_1736.png
map_1737.png,map_1737.png
map_1738.png,map_1738.png
map_1739.png,map_1739.png
map_1740.png,map_1740.png
map_1741.png,map_1741.png
map_1742.png,map_1742.png
map_1743.png,map_1743.png
map_1744.png,map_1744.png
map_1745.png,map_1745.png
map_1746.png,map_1746.png
map_1747.png,map_1747.png
map_1748.png,map_1748.png
map_1749.png,map_1749.png
map_1750.png,map_1750.png
map_1751.png,map_1751.png
map_1752.png,map_1752.png
map_1753.png,map_1753.png
map_1754.png,map_1754.png
map_1755.png,map_1755.png
map_1756.png,map_1756.png
map_1757.png,map_1757.png
map_1758.png,map_1758.png
map_1759.png,map_1759.png
map_1760.png,map_1760.png
map_1761.png,map_1761.png
map_1762.png,map_1762.png
map_1763.png,map_1763.png
map_1764.png,map_1764.png
map_1765.png,map_1765.png
map_1766.png,map_1766.png
map_1767.png,map_1767.png
map_1768.png,map_1768.png
map_1769.png,map_1769.png
map_1770.png,map_1770.png
map_1771.png,map_1771.png
map_1772.png,map_1772.png
map_1773.png,map_1773.png
map_1774.png,map_1774.png
map_1775.png,map_1775.png
map_1776.png,map_1776.png
map_1777.png,map_1777.png
map_1778.png,map_1778.png
map_1779.png,map_1779.png
map_1780.png,map_1780.png
map_1781.png,map_1781.png
map_1782.png,map_1782.png
map_1783.png,map_1783.png
map_1784.png,map_1784.png
map_1785.png,map_1785.png
map_1786.png,map_1786.png
map_1787.png,map_1787.png
map_1788.png,map_1788.png
map_1789.png,map_1789.png
map_1790.png,map_1790.png
map_1791.png,map_1791.png
map_1792.png,map_1792.png
map_1793.png,map_1793.png
map_1794.png,map_1794.png
map_1795.png,map_1795.png
map_1796.png,map_1796.png
map_1797.png,map_1797.png
map_1798.png,map_1798.png
map_1799.png,map_1799.png
map_1800.png,map_1800.png
map_1801.png,map_1801.png
map_1802.png,map_1802.png
map_1803.png,map_1803.png
map_1804.png,map_1804.png
map_1805.png,map_1805.png
map_1806.png,map_1806.png
map_1807.png,map_1807.png
map_1808.png,map_1808.png
map_1809.png,map_1809.png
map_1810.png,map_1810.png
map_1811.png,map_1811.png
map_1812.png,map_1812.png
map_1813.png,map_1813.png
map_1814.png,map_1814.png
map_1815.png,map_1815.png
map_1816.png,map_1816.png
map_1817.png,map_1817.png
map_1818.png,map_1818.png
map_1819.png,map_1819.png
map_1820.png,map_1820.png
map_1821.png,map_1821.png
map_1822.png,map_1822.png
map_1823.png,map_1823.png
map_1824.png,map_1824.png
map_1825.png,map_1825.png
map_1826.png,map_1826.png
map_1827.png,map_1827.png
map_1828.png,map_1828.png
map_1829.png,map_1829.png
map_1830.png,map_1830.png
map_1831.png,map_1831.png
map_1832.png,map_1832.png
map_1833.png,map_1833.png
map_1834.png,map_1834.png
map_1835.png,map_1835.png
map_1836.png,map_1836.png
map_1837.png,map_1837.png
map_1838.png,map_1838.png
map_1839.png,map_1839.png
map_1840.png,map_1840.png
map_1841.png,map_1841.png
map_1842.png,map_1842.png
map_1843.png,map_1843.png
map_1844.png,map_1844.png
map_1845.png,map_1845.png
map_1846.png,map_1846.png
map_1847.png,map_1847.png
map_1848.png,map_1848.png
map_1849.png,map_1849.png
map_1850.png,map_1850.png
map_1851.png,map_1851.png
map_1852.png,map_1852.png
map_1853.png,map_1853.png
map_1854.png,map_1854.png
map_1855.png,map_1855.png
map_1856.png,map_1856.png
map_1857.png,map_1857.png
map_1858.png,map_1858.png
map_1859.png,map_1859.png
map_1860.png,map_1860.png
map_1861.png,map_1861.png
map_1862.png,map_1862.png
map_1863.png,map_1863.png
map_1864.png,map_1864.png
map_1865.png,map_1865.png
map_1866.png,map_1866.png
map_1867.png,map_1867.png
map_1868.png,map_1868.png
map_1869.png,map_1869.png
map_1870.png,map_1870.png
map_1871.png,map_1871.png
map_1872.png,map_1872.png
map_1873.png,map_1873.png
map_1874.png,map_1874.png
map_1875.png,map_1875.png
map_1876.png,map_1876.png
map_1877.png,map_1877.png
map_1878.png,map_1878.png
map_1879.png,map_1879.png
map_1880.png,map_1880.png
map_1881.png,map_1881.png
map_1882.png,map_1882.png
map_1883.png,map_1883.png
map_1884.png,map_1884.png
map_1885.png,map_1885.png
map_1886.png,map_1886.png
map_1887.png,map_1887.png
map_1888.png,map_1888.png
map_1889.png,map_1889.png
map_1890.png,map_1890.png
map_1891.png,map_1891.png
map_1892.png,map_1892.png
map_1893.png,map_1893.png
map_1894.png,map_1894.png
map_1895.png,map_1895.png
map_1896.png,map_1896.png
map_1897.png,map_1897.png
map_1898.png,map_1898.png
map_1899.png,map_1899.png
map_1900.png,map_1900.png
map_1901.png,map_1901.png
map_1902.png,map_1902.png
map_1903.png,map_1903.png
map_1904.png,map_1904.png
map_1905.png,map_1905.png
map_1906.png,map_1906.png
map_1907.png,map_1907.png
map_1908.png,map_1908.png
map_1909.png,map_1909.png
map_1910.png,map_1910.png
map_1911.png,map_1911.png
map_1912.png,map_1912.png
map_1913.png,map_1913.png
map_1914.png,map_1914.png
map_1915.png,map_1915.png
map_1916.png,map_1916.png
map_1917.png,map_1917.png
map_1918.png,map_1918.png
map_1919.png,map_1919.png
map_1920.png,map_1920.png
map_1921.png,map_1921.png
map_1922.png,map_1922.png
map_1923.png,map_1923.png
map_1924.png,map_1924.png
map_1925.png,map_1925.png
map_1926.png,map_1926.png
map_1927.png,map_1927.png
map_1928.png,map_1928.png
map_1929.png,map_1929.png
map_1930.png,map_1930.png
map_1931.png,map_1931.png
map_1932.png,map_1932.png
map_1933.png,map_1933.png
map_1934.png,map_1934.png
map_1935.png,map_1935.png
map_1936.png,map_1936.png
map_1937.png,map_1937.png
map_1938.png,map_1938.png
map_1939.png,map_1939.png
map_1940.png,map_1940.png
map_1941.png,map_1941.png
map_1942.png,map_1942.png
map_1943.png,map_1943.png
map_1944.png,map_1944.png
map_1945.png,map_1945.png
map_1946.png,map_1946.png
map_1947.png,map_1947.png
map_1948.png,map_1948.png
map_1949.png,map_1949.png
map_1950.png,map_1950.png
map_1951.png,map_1951.png
map_1952.png,map_1952.png
map_1953.png,map_1953.png
map_1954.png,map_1954.png
map_1955.png,map_1955.png
map_1956.png,map_1956.png
map_1957.png,map_1957.png
map_1958.png,map_1958.png
map_1959.png,map_1959.png
map_1960.png,map_1960.png
map_1961.png,map_1961.png
map_1962.png,map_1962.png
map_1963.png,map_1963.png
map_1964.png,map_1964.png
map_1965.png,map_1965.png
map_1966.png,map_1966.png
map_1967.png,map_1967.png
map_1968.png,map_1968.png
map_1969.png,map_1969.png
map_1970.png,map_1970.png
map_1971.png,map_1971.png
map_1972.png,map_1972.png
map_1973.png,map_1973.png
map_1974.png,map_1974.png
map_1975.png,map_1975.png
map_1976.png,map_1976.png
map_1977.png,map_1977.png
map_1978.png,map_1978.png
map_1979.png,map_1979.png
map_1980.png,map_1980.png
map_1981.png,map_1981.png
map_1982.png,map_1982.png
map_1983.png,map_1983.png
map_1984.png,map_1984.png
map_1985.png,map_1985.png
map_1986.png,map_1986.png
map_1987.png,map_1987.png
map_1988.png,map_1988.png
map_1989.png,map_1989.png
map_1990.png,map_1990.png
map_1991.png,map_1991.png
map_1992.png,map_1992.png
map_1993.png,map_1993.png
map_1994.png,map_1994.png
map_1995.png,map_1995.png
map_1996.png,map_1996.png
map_1997.png,map_1997.png
map_1998.png,map_1998.png
map_1999.png,map_1999.png
map_2000.png,map_2000.png
map_2001.png,map_2001.png
map_2002.png,map_2002.png
map_2003.png,map_2003.png
map_2004.png,map_2004.png
map_2005.png,map_2005.png
map_2006.png,map_2006.png
map_2007.png,map_2007.png
map_2008.png,map_2008.png
map_2009.png,map_2009.png
map_2010.png,map_2010.png
map_2011.png,map_2011.png
map_2012.png,map_2012.png
map_2013.png,map_2013.png
map_2014.png,map_2014.png
map_2015.png,map_2015.png
map_2016.png,map_2016.png
map_2017.png,map_2017.png
map_2018.png,map_2018.png
map_2019.png,map_2019.png
map_2020.png,map_2020.png
map_2021.png,map_2021.png
map_2022.png,map_2022.png
map_2023.png,map_2023.png
map_2024.png,map_2024.png
map_2025.png,map_2025.png
map_2026.png,map_2026.png
map_2027.png,map_2027.png
map_2028.png,map_2028.png
map_2029.png,map_2029.png
map_2030.png,map_2030.png
map_2031.png,map_2031.png
map_2032.png,map_2032.png
map_2033.png,map_2033.png
map_2034.png,map_2034.png
map_2035.png,map_2035.png
map_2036.png,map_2036.png
map_2037.png,map_2037.png
map_2038.png,map_2038.png
map_2039.png,map_2039.png
map_2040.png,map_2040.png
map_2041.png,map_2041.png
map_2042.png,map_2042.png
map_2043.png,map_2043.png
map_2044.png,map_2044.png
map_2045.png,map_2045.png
map_2046.png,map_2046.png
map_2047.png,map_2047.png
map_2048.png,map_2048.png
map_2049.png,map_2049.png
map_2050.png,map_2050.png
map_2051.png,map_2051.png
map_2052.png,map_2052.png
map_2053.png,map_2053.png
map_2054.png,map_2054.png
map_2055.png,map_2055.png
map_2056.png,map_2056.png
map_2057.png,map_2057.png
map_2058.png,map_2058.png
map_2059.png,map_2059.png
map_2060.png,map_2060.png
map_2061.png,map_2061.png
map_2062.png,map_2062.png
map_2063.png,map_2063.png
map_2064.png,map_2064.png
map_2065.png,map_2065.png
map_2066.png,map_2066.png
map_2067.png,map_2067.png
map_2068.png,map_2068.png
map_2069.png,map_2069.png
map_2070.png,map_2070.png
map_2071.png,map_2071.png
map_2072.png,map_2072.png
map_2073.png,map_2073.png
map_2074.png,map_2074.png
map_2075.png,map_2075.png
map_2076.png,map_2076.png
map_2077.png,map_2077.png
map_2078.png,map_2078.png
map_2079.png,map_2079.png
map_2080.png,map_2080.png
map_2081.png,map_2081.png
map_2082.png,map_2082.png
map_2083.png,map_2083.png
map_2084.png,map_2084.png
map_2085.png,map_2085.png
map_2086.png,map_2086.png
map_2087.png,map_2087.png
map_2088.png,map_2088.png
map_2089.png,map_2089.png
map_2090.png,map_2090.png
map_2091.png,map_2091.png
map_2092.png,map_2092.png
map_2093.png,map_2093.png
map_2094.png,map_2094.png
map_2095.png,map_2095.png
map_2096.png,map_2096.png
map_2097.png,map_2097.png
map_2098.png,map_2098.png
map_2099.png,map_2099.png
map_2100.png,map_2100.png
map_2101.png,map_2101.png
map_2102.png,map_2102.png
map_2103.png,map_2103.png
map_2104.png,map_2104.png
map_2105.png,map_2105.png
map_2106.png,map_2106.png
map_2107.png,map_2107.png
map_2108.png,map_2108.png
map_2109.png,map_2109.png
map_2110.png,map_2110.png
map_2111.png,map_2111.png
map_2112.png,map_2112.png
map_2113.png,map_2113.png
map_2114.png,map_2114.png
map_2115.png,map_2115.png
map_2116.png,map_2116.png
map_2117.png,map_2117.png
map_2118.png,map_2118.png
map_2119.png,map_2119.png
map_2120.png,map_2120.png
map_2121.png,map_2121.png
map_2122.png,map_2122.png
map_2123.png,map_2123.png
map_2124.png,map_2124.png
map_2125.png,map_2125.png
map_2126.png,map_2126.png
map_2127.png,map_2127.png
map_2128.png,map_2128.png
map_2129.png,map_2129.png
map_2130.png,map_2130.png
map_2131.png,map_2131.png
map_2132.png,map_2132.png
map_2133.png,map_2133.png
map_2134.png,map_2134.png
map_2135.png,map_2135.png
map_2136.png,map_2136.png
map_2137.png,map_2137.png
map_2138.png,map_2138.png
map_2139.png,map_2139.png
map_2140.png,map_2140.png
map_2141.png,map_2141.png
map_2142.png,map_2142.png
map_2143.png,map_2143.png
map_2144.png,map_2144.png
map_2145.png,map_2145.png
map_2146.png,map_2146.png
map_2147.png,map_2147.png
map_2148.png,map_2148.png
map_2149.png,map_2149.png
map_2150.png,map_2150.png
map_2151.png,map_2151.png
map_2152.png,map_2152.png
map_2153.png,map_2153.png
map_2154.png,map_2154.png
map_2155.png,map_2155.png
map_2156.png,map_2156.png
map_2157.png,map_2157.png
map_2158.png,map_2158.png
map_2159.png,map_2159.png
map_2160.png,map_2160.png
map_2161.png,map_2161.png
map_2162.png,map_2162.png
map_2163.png,map_2163.png
map_2164.png,map_2164.png
map_2165.png,map_2165.png
map_2166.png,map_2166.png
map_2167.png,map_2167.png
map_2168.png,map_2168.png
map_2169.png,map_2169.png
map_2170.png,map_2170.png
map_2171.png,map_2171.png
map_2172.png,map_2172.png
map_2173.png,map_2173.png
map_2174.png,map_2174.png
map_2175.png,map_2175.png
map_2176.png,map_2176.png
map_2177.png,map_2177.png
map_2178.png,map_2178.png
map_2179.png,map_2179.png
map_2180.png,map_2180.png
map_2181.png,map_2181.png
map_2182.png,map_2182.png
map_2183.png,map_2183.png
map_2184.png,map_2184.png
map_2185.png,map_2185.png
map_2186.png,map_2186.png
map_2187.png,map_2187.png
map_2188.png,map_2188.png
map_2189.png,map_2189.png
map_2190.png,map_2190.png
map_2191.png,map_2191.png
map_2192.png,map_2192.png
map_2193.png,map_2193.png
map_2194.png,map_2194.png
map_2195.png,map_2195.png
map_2196.png,map_2196.png
map_2197.png,map_2197.png
map_2198.png,map_2198.png
map_2199.png,map_2199.png
map_2200.png,map_2200.png
map_2201.png,map_2201.png
map_2202.png,map_2202.png
map_2203.png,map_2203.png
map_2204.png,map_2204.png
map_2205.png,map_2205.png
map_2206.png,map_2206.png
map_2207.png,map_2207.png
map_2208.png,map_2208.png
map_2209.png,map_2209.png
map_2210.png,map_2210.png
map_2211.png,map_2211.png
map_2212.png,map_2212.png
map_2213.png,map_2213.png
map_2214.png,map_2214.png
map_2215.png,map_2215.png
map_2216.png,map_2216.png
map_2217.png,map_2217.png
map_2218.png,map_2218.png
map_2219.png,map_2219.png
map_2220.png,map_2220.png
map_2221.png,map_2221.png
map_2222.png,map_2222.png
map_2223.png,map_2223.png
map_2224.png,map_2224.png
map_2225.png,map_2225.png
map_2226.png,map_2226.png
map_2227.png,map_2227.png
map_2228.png,map_2228.png
map_2229.png,map_2229.png
map_2230.png,map_2230.png
map_2231.png,map_2231.png
map_2232.png,map_2232.png
map_2233.png,map_2233.png
map_2234.png,map_2234.png
map_2235.png,map_2235.png
map_2236.png,map_2236.png
map_2237.png,map_2237.png
map_2238.png,map_2238.png
map_2239.png,map_2239.png
map_2240.png,map_2240.png
map_2241.png,map_2241.png
map_2242.png,map_2242.png
map_2243.png,map_2243.png
map_2244.png,map_2244.png
map_2245.png,map_2245.png
map_2246.png,map_2246.png
map_2247.png,map_2247.png
map_2248.png,map_2248.png
map_2249.png,map_2249.png
map_2250.png,map_2250.png
map_2251.png,map_2251.png
map_2252.png,map_2252.png
map_2253.png,map_2253.png
map_2254.png,map_2254.png
map_2255.png,map_2255.png
map_2256.png,map_2256.png
map_2257.png,map_2257.png
map_2258.png,map_2258.png
map_2259.png,map_2259.png
map_2260.png,map_2260.png
map_2261.png,map_2261.png
map_2262.png,map_2262.png
map_2263.png,map_2263.png
map_2264.png,map_2264.png
map_2265.png,map_2265.png
map_2266.png,map_2266.png
map_2267.png,map_2267.png
map_2268.png,map_2268.png
map_2269.png,map_2269.png
map_2270.png,map_2270.png
map_2271.png,map_2271.png
map_2272.png,map_2272.png
map_2273.png,map_2273.png
map_2274.png,map_2274.png
map_2275.png,map_2275.png
map_2276.png,map_2276.png
map_2277.png,map_2277.png
map_2278.png,map_2278.png
map_2279.png,map_2279.png
map_2280.png,map_2280.png
map_2281.png,map_2281.png
map_2282.png,map_2282.png
map_2283.png,map_2283.png
map_2284.png,map_2284.png
map_2285.png,map_2285.png
map_2286.png,map_2286.png
map_2287.png,map_2287.png
map_2288.png,map_2288.png
map_2289.png,map_2289.png
map_2290.png,map_2290.png
map_2291.png,map_2291.png
map_2292.png,map_2292.png
map_2293.png,map_2293.png
map_2294.png,map_2294.png
map_2295.png,map_2295.png
map_2296.png,map_2296.png
map_2297.png,map_2297.png
map_2298.png,map_2298.png
map_2299.png,map_2299.png
map_2300.png,map_2300.png
map_2301.png,map_2301.png
map_2302.png,map_2302.png
map_2303.png,map_2303.png
map_2304.png,map_2304.png
map_2305.png,map_2305.png
map_2306.png,map_2306.png
map_2307.png,map_2307.png
map_2308.png,map_2308.png
map_2309.png,map_2309.png
map_2310.png,map_2310.png
map_2311.png,map_2311.png
map_2312.png,map_2312.png
map_2313.png,map_2313.png
map_2314.png,map_2314.png
map_2315.png,map_2315.png
map_2316.png,map_2316.png
map_2317.png,map_2317.png
map_2318.png,map_2318.png
map_2319.png,map_2319.png
map_2320.png,map_2320.png
map_2321.png,map_2321.png
map_2322.png,map_2322.png
map_2323.png,map_2323.png
map_2324.png,map_2324.png
map_2325.png,map_2325.png
map_2326.png,map_2326.png
map_2327.png,map_2327.png
map_2328.png,map_2328.png
map_2329.png,map_2329.png
map_2330.png,map_2330.png
map_2331.png,map_2331.png
map_2332.png,map_2332.png
map_2333.png,map_2333.png
map_2334.png,map_2334.png
map_2335.png,map_2335.png
map_2336.png,map_2336.png
map_2337.png,map_2337.png
map_2338.png,map_2338.png
map_2339.png,map_2339.png
map_2340.png,map_2340.png
map_2341.png,map_2341.png
map_2342.png,map_2342.png
map_2343.png,map_2343.png
map_2344.png,map_2344.png
map_2345.png,map_2345.png
map_2346.png,map_2346.png
map_2347.png,map_2347.png
map_2348.png,map_2348.png
map_2349.png,map_2349.png
map_2350.png,map_2350.png
map_2351.png,map_2351.png
map_2352.png,map_2352.png
map_2353.png,map_2353.png
map_2354.png,map_2354.png
map_2355.png,map_2355.png
map_2356.png,map_2356.png
map_2357.png,map_2357.png
map_2358.png,map_2358.png
map_2359.png,map_2359.png
map_2360.png,map_2360.png
map_2361.png,map_2361.png
map_2362.png,map_2362.png
map_2363.png,map_2363.png
map_2364.png,map_2364.png
map_2365.png,map_2365.png
map_2366.png,map_2366.png
map_2367.png,map_2367.png
map_2368.png,map_2368.png
map_2369.png,map_2369.png
map_2370.png,map_2370.png
map_2371.png,map_2371.png
map_2372.png,map_2372.png
map_2373.png,map_2373.png
map_2374.png,map_2374.png
map_2375.png,map_2375.png
map_2376.png,map_2376.png
map_2377.png,map_2377.png
map_2378.png,map_2378.png
map_2379.png,map_2379.png
map_2380.png,map_2380.png
map_2381.png,map_2381.png
map_2382.png,map_2382.png
map_2383.png,map_2383.png
map_2384.png,map_2384.png
map_2385.png,map_2385.png
map_2386.png,map_2386.png
map_2387.png,map_2387.png
map_2388.png,map_2388.png
map_2389.png,map_2389.png
map_2390.png,map_2390.png
map_2391.png,map_2391.png
map_2392.png,map_2392.png
map_2393.png,map_2393.png
map_2394.png,map_2394.png
map_2395.png,map_2395.png
map_2396.png,map_2396.png
map_2397.png,map_2397.png
map_2398.png,map_2398.png
map_2399.png,map_2399.png
map_2400.png,map_2400.png
map_2401.png,map_2401.png
map_2402.png,map_2402.png
map_2403.png,map_2403.png
map_2404.png,map_2404.png
map_2405.png,map_2405.png
map_2406.png,map_2406.png
map_2407.png,map_2407.png
map_2408.png,map_2408.png
map_2409.png,map_2409.png
map_2410.png,map_2410.png
map_2411.png,map_2411.png
map_2412.png,map_2412.png
map_2413.png,map_2413.png
map_2414.png,map_2414.png
map_2415.png,map_2415.png
map_2416.png,map_2416.png
map_2417.png,map_2417.png
map_2418.png,map_2418.png
map_2419.png,map_2419.png
map_2420.png,map_2420.png
map_2421.png,map_2421.png
map_2422.png,map_2422.png
map_2423.png,map_2423.png
map_2424.png,map_2424.png
map_2425.png,map_2425.png
map_2426.png,map_2426.png
map_2427.png,map_2427.png
map_2428.png,map_2428.png
map_2429.png,map_2429.png
map_2430.png,map_2430.png
map_2431.png,map_2431.png
map_2432.png,map_2432.png
map_2433.png,map_2433.png
map_2434.png,map_2434.png
map_2435.png,map_2435.png
map_2436.png,map_2436.png
map_2437.png,map_2437.png
map_2438.png,map_2438.png
map_2439.png,map_2439.png
map_2440.png,map_2440.png
map_2441.png,map_2441.png
map_2442.png,map_2442.png
map_2443.png,map_2443.png
map_2444.png,map_2444.png
map_2445.png,map_2445.png
map_2446.png,map_2446.png
map_2447.png,map_2447.png
map_2448.png,map_2448.png
map_2449.png,map_2449.png
map_2450.png,map_2450.png
map_2451.png,map_2451.png
map_2452.png,map_2452.png
map_2453.png,map_2453.png
map_2454.png,map_2454.png
map_2455.png,map_2455.png
map_2456.png,map_2456.png
map_2457.png,map_2457.png
map_2458.png,map_2458.png
map_2459.png,map_2459.png
map_2460.png,map_2460.png
map_2461.png,map_2461.png
map_2462.png,map_2462.png
map_2463.png,map_2463.png
map_2464.png,map_2464.png
map_2465.png,map_2465.png
map_2466.png,map_2466.png
map_2467.png,map_2467.png
map_2468.png,map_2468.png
map_2469.png,map_2469.png
map_2470.png,map_2470.png
map_2471.png,map_2471.png
map_2472.png,map_2472.png
map_2473.png,map_2473.png
map_2474.png,map_2474.png
map_2475.png,map_2475.png
map_2476.png,map_2476.png
map_2477.png,map_2477.png
map_2478.png,map_2478.png
map_2479.png,map_2479.png
map_2480.png,map_2480.png
map_2481.png,map_2481.png
map_2482.png,map_2482.png
map_2483.png,map_2483.png
map_2484.png,map_2484.png
map_2485.png,map_2485.png
map_2486.png,map_2486.png
map_2487.png,map_2487.png
map_2488.png,map_2488.png
map_2489.png,map_2489.png
map_2490.png,map_2490.png
map_2491.png,map_2491.png
map_2492.png,map_2492.png
map_2493.png,map_2493.png
map_2494.png,map_2494.png
map_2495.png,map_2495.png
map_2496.png,map_2496.png
map_2497.png,map_2497.png
map_2498.png,map_2498.png
map_2499.png,map_2499.png
map_2500.png,map_2500.png
map_2501.png,map_2501.png
map_2502.png,map_2502.png
map_2503.png,map_2503.png
map_2504.png,map_2504.png
map_2505.png,map_2505.png
map_2506.png,map_2506.png
map_2507.png,map_2507.png
map_2508.png,map_2508.png
map_2509.png,map_2509.png
map_2510.png,map_2510.png
map_2511.png,map_2511.png
map_2512.png,map_2512.png
map_2513.png,map_2513.png
map_2514.png,map_2514.png
map_2515.png,map_2515.png
map_2516.png,map_2516.png
map_2517.png,map_2517.png
map_2518.png,map_2518.png
map_2519.png,map_2519.png
map_2520.png,map_2520.png
map_2521.png,map_2521.png
map_2522.png,map_2522.png
map_2523.png,map_2523.png
map_2524.png,map_2524.png
map_2525.png,map_2525.png
map_2526.png,map_2526.png
map_2527.png,map_2527.png
map_2528.png,map_2528.png
map_2529.png,map_2529.png
map_2530.png,map_2530.png
map_2531.png,map_2531.png
map_2532.png,map_2532.png
map_2533.png,map_2533.png
map_2534.png,map_2534.png
map_2535.png,map_2535.png
map_2536.png,map_2536.png
map_2537.png,map_2537.png
map_2538.png,map_2538.png
map_2539.png,map_2539.png
map_2540.png,map_2540.png
map_2541.png,map_2541.png
map_2542.png,map_2542.png
map_2543.png,map_2543.png
map_2544.png,map_2544.png
map_2545.png,map_2545.png
map_2546.png,map_2546.png
map_2547.png,map_2547.png
map_2548.png,map_2548.png
map_2549.png,map_2549.png
map_2550.png,map_2550.png
map_2551.png,map_2551.png
map_2552.png,map_2552.png
map_2553.png,map_2553.png
map_2554.png,map_2554.png
map_2555.png,map_2555.png
map_2556.png,map_2556.png
map_2557.png,map_2557.png
map_2558.png,map_2558.png
map_2559.png,map_2559.png
map_2560.png,map_2560.png
map_2561.png,map_2561.png
map_2562.png,map_2562.png
map_2563.png,map_2563.png
map_2564.png,map_2564.png
map_2565.png,map_2565.png
map_2566.png,map_2566.png
map_2567.png,map_2567.png
map_2568.png,map_2568.png
map_2569.png,map_2569.png
map_2570.png,map_2570.png
map_2571.png,map_2571.png
map_2572.png,map_2572.png
map_2573.png,map_2573.png
map_2574.png,map_2574.png
map_2575.png,map_2575.png
map_2576.png,map_2576.png
map_2577.png,map_2577.png
map_2578.png,map_2578.png
map_2579.png,map_2579.png
map_2580.png,map_2580.png
map_2581.png,map_2581.png
map_2582.png,map_2582.png
map_2583.png,map_2583.png
map_2584.png,map_2584.png
map_2585.png,map_2585.png
map_2586.png,map_2586.png
map_2587.png,map_2587.png
map_2588.png,map_2588.png
map_2589.png,map_2589.png
map_2590.png,map_2590.png
map_2591.png,map_2591.png
map_2592.png,map_2592.png
map_2593.png,map_2593.png
map_2594.png,map_2594.png
map_2595.png,map_2595.png
map_2596.png,map_2596.png
map_2597.png,map_2597.png
map_2598.png,map_2598.png
map_2599.png,map_2599.png
map_2600.png,map_2600.png
map_2601.png,map_2601.png
map_2602.png,map_2602.png
map_2603.png,map_2603.png
map_2604.png,map_2604.png
map_2605.png,map_2605.png
map_2606.png,map_2606.png
map_2607.png,map_2607.png
map_2608.png,map_2608.png
map_2609.png,map_2609.png
map_2610.png,map_2610.png
map_2611.png,map_2611.png
map_2612.png,map_2612.png
map_2613.png,map_2613.png
map_2614.png,map_2614.png
map_2615.png,map_2615.png
map_2616.png,map_2616.png
map_2617.png,map_2617.png
map_2618.png,map_2618.png
map_2619.png,map_2619.png
map_2620.png,map_2620.png
map_2621.png,map_2621.png
map_2622.png,map_2622.png
map_2623.png,map_2623.png
map_2624.png,map_2624.png
map_2625.png,map_2625.png
map_2626.png,map_2626.png
map_2627.png,map_2627.png
map_2628.png,map_2628.png
map_2629.png,map_2629.png
map_2630.png,map_2630.png
map_2631.png,map_2631.png
map_2632.png,map_2632.png
map_2633.png,map_2633.png
map_2634.png,map_2634.png
map_2635.png,map_2635.png
map_2636.png,map_2636.png
map_2637.png,map_2637.png
map_2638.png,map_2638.png
map_2639.png,map_2639.png
map_2640.png,map_2640.png
map_2641.png,map_2641.png
map_2642.png,map_2642.png
map_2643.png,map_2643.png
map_2644.png,map_2644.png
map_2645.png,map_2645.png
map_2646.png,map_2646.png
map_2647.png,map_2647.png
map_2648.png,map_2648.png
map_2649.png,map_2649.png
map_2650.png,map_2650.png
map_2651.png,map_2651.png
map_2652.png,map_2652.png
map_2653.png,map_2653.png
map_2654.png,map_2654.png
map_2655.png,map_2655.png
map_2656.png,map_2656.png
map_2657.png,map_2657.png
map_2658.png,map_2658.png
map_2659.png,map_2659.png
map_2660.png,map_2660.png
map_2661.png,map_2661.png
map_2662.png,map_2662.png
map_2663.png,map_2663.png
map_2664.png,map_2664.png
map_2665.png,map_2665.png
map_2666.png,map_2666.png
map_2667.png,map_2667.png
map_2668.png,map_2668.png
map_2669.png,map_2669.png
map_2670.png,map_2670.png
map_2671.png,map_2671.png
map_2672.png,map_2672.png
map_2673.png,map_2673.png
map_2674.png,map_2674.png
map_2675.png,map_2675.png
map_2676.png,map_2676.png
map_2677.png,map_2677.png
map_2678.png,map_2678.png
map_2679.png,map_2679.png
map_2680.png,map_2680.png
map_2681.png,map_2681.png
map_2682.png,map_2682.png
map_2683.png,map_2683.png
map_2684.png,map_2684.png
map_2685.png,map_2685.png
map_2686.png,map_2686.png
map_2687.png,map_2687.png
map_2688.png,map_2688.png
map_2689.png,map_2689.png
map_2690.png,map_2690.png
map_2691.png,map_2691.png
map_2692.png,map_2692.png
map_2693.png,map_2693.png
map_2694.png,map_2694.png
map_2695.png,map_2695.png
map_2696.png,map_2696.png
map_2697.png,map_2697.png
map_2698.png,map_2698.png
map_2699.png,map_2699.png
map_2700.png,map_2700.png
map_2701.png,map_2701.png
map_2702.png,map_2702.png
map_2703.png,map_2703.png
map_2704.png,map_2704.png
map_2705.png,map_2705.png
map_2706.png,map_2706.png
map_2707.png,map_2707.png
map_2708.png,map_2708.png
map_2709.png,map_2709.png
map_2710.png,map_2710.png
map_2711.png,map_2711.png
map_2712.png,map_2712.png
map_2713.png,map_2713.png
map_2714.png,map_2714.png
map_2715.png,map_2715.png
map_2716.png,map_2716.png
map_2717.png,map_2717.png
map_2718.png,map_2718.png
map_2719.png,map_2719.png
map_2720.png,map_2720.png
map_2721.png,map_2721.png
map_2722.png,map_2722.png
map_2723.png,map_2723.png
map_2724.png,map_2724.png
map_2725.png,map_2725.png
map_2726.png,map_2726.png
map_2727.png,map_2727.png
map_2728.png,map_2728.png
map_2729.png,map_2729.png
map_2730.png,map_2730.png
map_2731.png,map_2731.png
map_2732.png,map_2732.png
map_2733.png,map_2733.png
map_2734.png,map_2734.png
map_2735.png,map_2735.png
map_2736.png,map_2736.png
map_2737.png,map_2737.png
map_2738.png,map_2738.png
map_2739.png,map_2739.png
map_2740.png,map_2740.png
map_2741.png,map_2741.png
map_2742.png,map_2742.png
map_2743.png,map_2743.png
map_2744.png,map_2744.png
map_2745.png,map_2745.png
map_2746.png,map_2746.png
map_2747.png,map_2747.png
map_2748.png,map_2748.png
map_2749.png,map_2749.png
map_2750.png,map_2750.png
map_2751.png,map_2751.png
map_2752.png,map_2752.png
map_2753.png,map_2753.png
map_2754.png,map_2754.png
map_2755.png,map_2755.png
map_2756.png,map_2756.png
map_2757.png,map_2757.png
map_2758.png,map_2758.png
map_2759.png,map_2759.png
map_2760.png,map_2760.png
map_2761.png,map_2761.png
map_2762.png,map_2762.png
map_2763.png,map_2763.png
map_2764.png,map_2764.png
map_2765.png,map_2765.png
map_2766.png,map_2766.png
map_2767.png,map_2767.png
map_2768.png,map_2768.png
map_2769.png,map_2769.png
map_2770.png,map_2770.png
map_2771.png,map_2771.png
map_2772.png,map_2772.png
map_2773.png,map_2773.png
map_2774.png,map_2774.png
map_2775.png,map_2775.png
map_2776.png,map_2776.png
map_2777.png,map_2777.png
map_2778.png,map_2778.png
map_2779.png,map_2779.png
map_2780.png,map_2780.png
map_2781.png,map_2781.png
map_2782.png,map_2782.png
map_2783.png,map_2783.png
map_2784.png,map_2784.png
map_2785.png,map_2785.png
map_2786.png,map_2786.png
map_2787.png,map_2787.png
map_2788.png,map_2788.png
map_2789.png,map_2789.png
map_2790.png,map_2790.png
map_2791.png,map_2791.png
map_2792.png,map_2792.png
map_2793.png,map_2793.png
map_2794.png,map_2794.png
map_2795.png,map_2795.png
map_2796.png,map_2796.png
map_2797.png,map_2797.png
map_2798.png,map_2798.png
map_2799.png,map_2799.png
map_2800.png,map_2800.png
map_2801.png,map_2801.png
map_2802.png,map_2802.png
map_2803.png,map_2803.png
map_2804.png,map_2804.png
map_2805.png,map_2805.png
map_2806.png,map_2806.png
map_2807.png,map_2807.png
map_2808.png,map_2808.png
map_2809.png,map_2809.png
map_2810.png,map_2810.png
map_2811.png,map_2811.png
map_2812.png,map_2812.png
map_2813.png,map_2813.png
map_2814.png,map_2814.png
map_2815.png,map_2815.png
map_2816.png,map_2816.png
map_2817.png,map_2817.png
map_2818.png,map_2818.png
map_2819.png,map_2819.png
map_2820.png,map_2820.png
map_2821.png,map_2821.png
map_2822.png,map_2822.png
map_2823.png,map_2823.png
map_2824.png,map_2824.png
map_2825.png,map_2825.png
map_2826.png,map_2826.png
map_2827.png,map_2827.png
map_2828.png,map_2828.png
map_2829.png,map_2829.png
map_2830.png,map_2830.png
map_2831.png,map_2831.png
map_2832.png,map_2832.png
map_2833.png,map_2833.png
map_2834.png,map_2834.png
map_2835.png,map_2835.png
map_2836.png,map_2836.png
map_2837.png,map_2837.png
map_2838.png,map_2838.png
map_2839.png,map_2839.png
map_2840.png,map_2840.png
map_2841.png,map_2841.png
map_2842.png,map_2842.png
map_2843.png,map_2843.png
map_2844.png,map_2844.png
map_2845.png,map_2845.png
map_2846.png,map_2846.png
map_2847.png,map_2847.png
map_2848.png,map_2848.png
map_2849.png,map_2849.png
map_2850.png,map_2850.png
map_2851.png,map_2851.png
map_2852.png,map_2852.png
map_2853.png,map_2853.png
map_2854.png,map_2854.png
map_2855.png,map_2855.png
map_2856.png,map_2856.png
map_2857.png,map_2857.png
map_2858.png,map_2858.png
map_2859.png,map_2859.png
map_2860.png,map_2860.png
map_2861.png,map_2861.png
map_2862.png,map_2862.png
map_2863.png,map_2863.png
map_2864.png,map_2864.png
map_2865.png,map_2865.png
map_2866.png,map_2866.png
map_2867.png,map_2867.png
map_2868.png,map_2868.png
map_2869.png,map_2869.png
map_2870.png,map_2870.png
map_2871.png,map_2871.png
map_2872.png,map_2872.png
map_2873.png,map_2873.png
map_2874.png,map_2874.png
map_2875.png,map_2875.png
map_2876.png,map_2876.png
map_2877.png,map_2877.png
map_2878.png,map_2878.png
map_2879.png,map_2879.png
map_2880.png,map_2880.png
map_2881.png,map_2881.png
map_2882.png,map_2882.png
map_2883.png,map_2883.png
map_2884.png,map_2884.png
map_2885.png,map_2885.png
map_2886.png,map_2886.png
map_2887.png,map_2887.png
map_2888.png,map_2888.png
map_2889.png,map_2889.png
map_2890.png,map_2890.png
map_2891.png,map_2891.png
map_2892.png,map_2892.png
map_2893.png,map_2893.png
map_2894.png,map_2894.png
map_2895.png,map_2895.png
map_2896.png,map_2896.png
map_2897.png,map_2897.png
map_2898.png,map_2898.png
map_2899.png,map_2899.png
map_2900.png,map_2900.png
map_2901.png,map_2901.png
map_2902.png,map_2902.png
map_2903.png,map_2903.png
map_2904.png,map_2904.png
map_2905.png,map_2905.png
map_2906.png,map_2906.png
map_2907.png,map_2907.png
map_2908.png,map_2908.png
map_2909.png,map_2909.png
map_2910.png,map_2910.png
map_2911.png,map_2911.png
map_2912.png,map_2912.png
map_2913.png,map_2913.png
map_2914.png,map_2914.png
map_2915.png,map_2915.png
map_2916.png,map_2916.png
map_2917.png,map_2917.png
map_2918.png,map_2918.png
map_2919.png,map_2919.png
map_2920.png,map_2920.png
map_2921.png,map_2921.png
map_2922.png,map_2922.png
map_2923.png,map_2923.png
map_2924.png,map_2924.png
map_2925.png,map_2925.png
map_2926.png,map_2926.png
map_2927.png,map_2927.png
map_2928.png,map_2928.png
map_2929.png,map_2929.png
map_2930.png,map_2930.png
map_2931.png,map_2931.png
map_2932.png,map_2932.png
map_2933.png,map_2933.png
map_2934.png,map_2934.png
map_2935.png,map_2935.png
map_2936.png,map_2936.png
map_2937.png,map_2937.png
map_2938.png,map_2938.png
map_2939.png,map_2939.png
map_2940.png,map_2940.png
map_2941.png,map_2941.png
map_2942.png,map_2942.png
map_2943.png,map_2943.png
map_2944.png,map_2944.png
map_2945.png,map_2945.png
map_2946.png,map_2946.png
map_2947.png,map_2947.png
map_2948.png,map_2948.png
map_2949.png,map_2949.png
map_2950.png,map_2950.png
map_2951.png,map_2951.png
map_2952.png,map_2952.png
map_2953.png,map_2953.png
map_2954.png,map_2954.png
map_2955.png,map_2955.png
map_2956.png,map_2956.png
map_2957.png,map_2957.png
map_2958.png,map_2958.png
map_2959.png,map_2959.png
map_2960.png,map_2960.png
map_2961.png,map_2961.png
map_2962.png,map_2962.png
map_2963.png,map_2963.png
map_2964.png,map_2964.png
map_2965.png,map_2965.png
map_2966.png,map_2966.png
map_2967.png,map_2967.png
map_2968.png,map_2968.png
map_2969.png,map_2969.png
map_2970.png,map_2970.png
map_2971.png,map_2971.png
map_2972.png,map_2972.png
map_2973.png,map_2973.png
map_2974.png,map_2974.png
map_2975.png,map_2975.png
map_2976.png,map_2976.png
map_2977.png,map_2977.png
map_2978.png,map_2978.png
map_2979.png,map_2979.png
map_2980.png,map_2980.png
map_2981.png,map_2981.png
map_2982.png,map_2982.png
map_2983.png,map_2983.png
map_2984.png,map_2984.png
map_2985.png,map_2985.png
map_2986.png,map_2986.png
map_2987.png,map_2987.png
map_2988.png,map_2988.png
map_2989.png,map_2989.png
map_2990.png,map_2990.png
map_2991.png,map_2991.png
map_2992.png,map_2992.png
map_2993.png,map_2993.png
map_2994.png,map_2994.png
map_2995.png,map_2995.png
map_2996.png,map_2996.png
map_2997.png,map_2997.png
map_2998.png,map_2998.png
map_2999.png,map_2999.png
map_3000.png,map_3000.png
map_3001.png,map_3001.png
map_3002.png,map_3002.png
map_3003.png,map_3003.png
map_3004.png,map_3004.png
map_3005.png,map_3005.png
map_3006.png,map_3006.png
map_3007.png,map_3007.png
map_3008.png,map_3008.png
map_3009.png,map_3009.png
map_3010.png,map_3010.png
map_3011.png,map_3011.png
map_3012.png,map_3012.png
map_3013.png,map_3013.png
map_3014.png,map_3014.png
map_3015.png,map_3015.png
map_3016.png,map_3016.png
map_3017.png,map_3017.png
map_3018.png,map_3018.png
map_3019.png,map_3019.png
map_3020.png,map_3020.png
map_3021.png,map_3021.png
map_3022.png,map_3022.png
map_3023.png,map_3023.png
map_3024.png,map_3024.png
map_3025.png,map_3025.png
map_3026.png,map_3026.png
map_3027.png,map_3027.png
map_3028.png,map_3028.png
map_3029.png,map_3029.png
map_3030.png,map_3030.png
map_3031.png,map_3031.png
map_3032.png,map_3032.png
map_3033.png,map_3033.png
map_3034.png,map_3034.png
map_3035.png,map_3035.png
map_3036.png,map_3036.png
map_3037.png,map_3037.png
map_3038.png,map_3038.png
map_3039.png,map_3039.png
map_3040.png,map_3040.png
map_3041.png,map_3041.png
map_3042.png,map_3042.png
map_3043.png,map_3043.png
map_3044.png,map_3044.png
map_3045.png,map_3045.png
map_3046.png,map_3046.png
map_3047.png,map_3047.png
map_3048.png,map_3048.png
map_3049.png,map_3049.png
map_3050.png,map_3050.png
map_3051.png,map_3051.png
map_3052.png,map_3052.png
map_3053.png,map_3053.png
map_3054.png,map_3054.png
map_3055.png,map_3055.png
map_3056.png,map_3056.png
map_3057.png,map_3057.png
map_3058.png,map_3058.png
map_3059.png,map_3059.png
map_3060.png,map_3060.png
map_3061.png,map_3061.png
map_3062.png,map_3062.png
map_3063.png,map_3063.png
map_3064.png,map_3064.png
map_3065.png,map_3065.png
map_3066.png,map_3066.png
map_3067.png,map_3067.png
map_3068.png,map_3068.png
map_3069.png,map_3069.png
map_3070.png,map_3070.png
map_3071.png,map_3071.png
map_3072.png,map_3072.png
map_3073.png,map_3073.png
map_3074.png,map_3074.png
map_3075.png,map_3075.png
map_3076.png,map_3076.png
map_3077.png,map_3077.png
map_3078.png,map_3078.png
map_3079.png,map_3079.png
map_3080.png,map_3080.png
map_3081.png,map_3081.png
map_3082.png,map_3082.png
map_3083.png,map_3083.png
map_3084.png,map_3084.png
map_3085.png,map_3085.png
map_3086.png,map_3086.png
map_3087.png,map_3087.png
map_3088.png,map_3088.png
map_3089.png,map_3089.png
map_3090.png,map_3090.png
map_3091.png,map_3091.png
map_3092.png,map_3092.png
map_3093.png,map_3093.png
map_3094.png,map_3094.png
map_3095.png,map_3095.png
map_3096.png,map_3096.png
map_3097.png,map_3097.png
map_3098.png,map_3098.png
map_3099.png,map_3099.png
map_3100.png,map_3100.png
map_3101.png,map_3101.png
map_3102.png,map_3102.png
map_3103.png,map_3103.png
map_3104.png,map_3104.png
map_3105.png,map_3105.png
map_3106.png,map_3106.png
map_3107.png,map_3107.png
map_3108.png,map_3108.png
map_3109.png,map_3109.png
map_3110.png,map_3110.png
map_3111.png,map_3111.png
map_3112.png,map_3112.png
map_3113.png,map_3113.png
map_3114.png,map_3114.png
map_3115.png,map_3115.png
map_3116.png,map_3116.png
map_3117.png,map_3117.png
map_3118.png,map_3118.png
map_3119.png,map_3119.png
map_3120.png,map_3120.png
map_3121.png,map_3121.png
map_3122.png,map_3122.png
map_3123.png,map_3123.png
map_3124.png,map_3124.png
map_3125.png,map_3125.png
map_3126.png,map_3126.png
map_3127.png,map_3127.png
map_3128.png,map_3128.png
map_3129.png,map_3129.png
map_3130.png,map_3130.png
map_3131.png,map_3131.png
map_3132.png,map_3132.png
map_3133.png,map_3133.png
map_3134.png,map_3134.png
map_3135.png,map_3135.png
map_3136.png,map_3136.png
map_3137.png,map_3137.png
map_3138.png,map_3138.png
map_3139.png,map_3139.png
map_3140.png,map_3140.png
map_3141.png,map_3141.png
map_3142.png,map_3142.png
map_3143.png,map_3143.png
map_3144.png,map_3144.png
map_3145.png,map_3145.png
map_3146.png,map_3146.png
map_3147.png,map_3147.png
map_3148.png,map_3148.png
map_3149.png,map_3149.png
map_3150.png,map_3150.png
map_3151.png,map_3151.png
map_3152.png,map_3152.png
map_3153.png,map_3153.png
map_3154.png,map_3154.png
map_3155.png,map_3155.png
map_3156.png,map_3156.png
map_3157.png,map_3157.png
map_3158.png,map_3158.png
map_3159.png,map_3159.png
map_3160.png,map_3160.png
map_3161.png,map_3161.png
map_3162.png,map_3162.png
map_3163.png,map_3163.png
map_3164.png,map_3164.png
map_3165.png,map_3165.png
map_3166.png,map_3166.png
map_3167.png,map_3167.png
map_3168.png,map_3168.png
map_3169.png,map_3169.png
map_3170.png,map_3170.png
map_3171.png,map_3171.png
map_3172.png,map_3172.png
map_3173.png,map_3173.png
map_3174.png,map_3174.png
map_3175.png,map_3175.png
map_3176.png,map_3176.png
map_3177.png,map_3177.png
map_3178.png,map_3178.png
map_3179.png,map_3179.png
map_3180.png,map_3180.png
map_3181.png,map_3181.png
map_3182.png,map_3182.png
map_3183.png,map_3183.png
map_3184.png,map_3184.png
map_3185.png,map_3185.png
map_3186.png,map_3186.png
map_3187.png,map_3187.png
map_3188.png,map_3188.png
map_3189.png,map_3189.png
map_3190.png,map_3190.png
map_3191.png,map_3191.png
map_3192.png,map_3192.png
map_3193.png,map_3193.png
map_3194.png,map_3194.png
map_3195.png,map_3195.png
map_3196.png,map_3196.png
map_3197.png,map_3197.png
map_3198.png,map_3198.png
map_3199.png,map_3199.png
map_3200.png,map_3200.png
map_3201.png,map_3201.png
map_3202.png,map_3202.png
map_3203.png,map_3203.png
map_3204.png,map_3204.png
map_3205.png,map_3205.png
map_3206.png,map_3206.png
map_3207.png,map_3207.png
map_3208.png,map_3208.png
map_3209.png,map_3209.png
map_3210.png,map_3210.png
map_3211.png,map_3211.png
map_3212.png,map_3212.png
map_3213.png,map_3213.png
map_3214.png,map_3214.png
map_3215.png,map_3215.png
map_3216.png,map_3216.png
map_3217.png,map_3217.png
map_3218.png,map_3218.png
map_3219.png,map_3219.png
map_3220.png,map_3220.png
map_3221.png,map_3221.png
map_3222.png,map_3222.png
map_3223.png,map_3223.png
map_3224.png,map_3224.png
map_3225.png,map_3225.png
map_3226.png,map_3226.png
map_3227.png,map_3227.png
map_3228.png,map_3228.png
map_3229.png,map_3229.png
map_3230.png,map_3230.png
map_3231.png,map_3231.png
map_3232.png,map_3232.png
map_3233.png,map_3233.png
map_3234.png,map_3234.png
map_3235.png,map_3235.png
map_3236.png,map_3236.png
map_3237.png,map_3237.png
map_3238.png,map_3238.png
map_3239.png,map_3239.png
map_3240.png,map_3240.png
map_3241.png,map_3241.png
map_3242.png,map_3242.png
map_3243.png,map_3243.png
map_3244.png,map_3244.png
map_3245.png,map_3245.png
map_3246.png,map_3246.png
map_3247.png,map_3247.png
map_3248.png,map_3248.png
map_3249.png,map_3249.png
map_3250.png,map_3250.png
map_3251.png,map_3251.png
map_3252.png,map_3252.png
map_3253.png,map_3253.png
map_3254.png,map_3254.png
map_3255.png,map_3255.png
map_3256.png,map_3256.png
map_3257.png,map_3257.png
map_3258.png,map_3258.png
map_3259.png,map_3259.png
map_3260.png,map_3260.png
map_3261.png,map_3261.png
map_3262.png,map_3262.png
map_3263.png,map_3263.png
map_3264.png,map_3264.png
map_3265.png,map_3265.png
map_3266.png,map_3266.png
map_3267.png,map_3267.png
map_3268.png,map_3268.png
map_3269.png,map_3269.png
map_3270.png,map_3270.png
map_3271.png,map_3271.png
map_3272.png,map_3272.png
map_3273.png,map_3273.png
map_3274.png,map_3274.png
map_3275.png,map_3275.png
map_3276.png,map_3276.png
map_3277.png,map_3277.png
map_3278.png,map_3278.png
map_3279.png,map_3279.png
map_3280.png,map_3280.png
map_3281.png,map_3281.png
map_3282.png,map_3282.png
map_3283.png,map_3283.png
map_3284.png,map_3284.png
map_3285.png,map_3285.png
map_3286.png,map_3286.png
map_3287.png,map_3287.png
map_3288.png,map_3288.png
map_3289.png,map_3289.png
map_3290.png,map_3290.png
map_3291.png,map_3291.png
map_3292.png,map_3292.png
map_3293.png,map_3293.png
map_3294.png,map_3294.png
map_3295.png,map_3295.png
map_3296.png,map_3296.png
map_3297.png,map_3297.png
map_3298.png,map_3298.png
map_3299.png,map_3299.png
map_3300.png,map_3300.png
map_3301.png,map_3301.png
map_3302.png,map_3302.png
map_3303.png,map_3303.png
map_3304.png,map_3304.png
map_3305.png,map_3305.png
map_3306.png,map_3306.png
map_3307.png,map_3307.png
map_3308.png,map_3308.png
map_3309.png,map_3309.png
map_3310.png,map_3310.png
map_3311.png,map_3311.png
map_3312.png,map_3312.png
map_3313.png,map_3313.png
map_3314.png,map_3314.png
map_3315.png,map_3315.png
map_3316.png,map_3316.png
map_3317.png,map_3317.png
map_3318.png,map_3318.png
map_3319.png,map_3319.png
map_3320.png,map_3320.png
map_3321.png,map_3321.png
map_3322.png,map_3322.png
map_3323.png,map_3323.png
map_3324.png,map_3324.png
map_3325.png,map_3325.png
map_3326.png,map_3326.png
map_3327.png,map_3327.png
map_3328.png,map_3328.png
map_3329.png,map_3329.png
map_3330.png,map_3330.png
map_3331.png,map_3331.png
map_3332.png,map_3332.png
map_3333.png,map_3333.png
map_3334.png,map_3334.png
map_3335.png,map_3335.png
map_3336.png,map_3336.png
map_3337.png,map_3337.png
map_3338.png,map_3338.png
map_3339.png,map_3339.png
map_3340.png,map_3340.png
map_3341.png,map_3341.png
map_3342.png,map_3342.png
map_3343.png,map_3343.png
map_3344.png,map_3344.png
map_3345.png,map_3345.png
map_3346.png,map_3346.png
map_3347.png,map_3347.png
map_3348.png,map_3348.png
map_3349.png,map_3349.png
map_3350.png,map_3350.png
map_3351.png,map_3351.png
map_3352.png,map_3352.png
map_3353.png,map_3353.png
map_3354.png,map_3354.png
map_3355.png,map_3355.png
map_3356.png,map_3356.png
map_3357.png,map_3357.png
map_3358.png,map_3358.png
map_3359.png,map_3359.png
map_3360.png,map_3360.png
map_3361.png,map_3361.png
map_3362.png,map_3362.png
map_3363.png,map_3363.png
map_3364.png,map_3364.png
map_3365.png,map_3365.png
map_3366.png,map_3366.png
map_3367.png,map_3367.png
map_3368.png,map_3368.png
map_3369.png,map_3369.png
map_3370.png,map_3370.png
map_3371.png,map_3371.png
map_3372.png,map_3372.png
map_3373.png,map_3373.png
map_3374.png,map_3374.png
map_3375.png,map_3375.png
map_3376.png,map_3376.png
map_3377.png,map_3377.png
map_3378.png,map_3378.png
map_3379.png,map_3379.png
map_3380.png,map_3380.png
map_3381.png,map_3381.png
map_3382.png,map_3382.png
map_3383.png,map_3383.png
map_3384.png,map_3384.png
map_3385.png,map_3385.png
map_3386.png,map_3386.png
map_3387.png,map_3387.png
map_3388.png,map_3388.png
map_3389.png,map_3389.png
map_3390.png,map_3390.png
map_3391.png,map_3391.png
map_3392.png,map_3392.png
map_3393.png,map_3393.png
map_3394.png,map_3394.png
map_3395.png,map_3395.png
map_3396.png,map_3396.png
map_3397.png,map_3397.png
map_3398.png,map_3398.png
map_3399.png,map_3399.png
map_3400.png,map_3400.png
map_3401.png,map_3401.png
map_3402.png,map_3402.png
map_3403.png,map_3403.png
map_3404.png,map_3404.png
map_3405.png,map_3405.png
map_3406.png,map_3406.png
map_3407.png,map_3407.png
map_3408.png,map_3408.png
map_3409.png,map_3409.png
map_3410.png,map_3410.png
map_3411.png,map_3411.png
map_3412.png,map_3412.png
map_3413.png,map_3413.png
map_3414.png,map_3414.png
map_3415.png,map_3415.png
map_3416.png,map_3416.png
map_3417.png,map_3417.png
map_3418.png,map_3418.png
map_3419.png,map_3419.png
map_3420.png,map_3420.png
map_3421.png,map_3421.png
map_3422.png,map_3422.png
map_3423.png,map_3423.png
map_3424.png,map_3424.png
map_3425.png,map_3425.png
map_3426.png,map_3426.png
map_3427.png,map_3427.png
map_3428.png,map_3428.png
map_3429.png,map_3429.png
map_3430.png,map_3430.png
map_3431.png,map_3431.png
map_3432.png,map_3432.png
map_3433.png,map_3433.png
map_3434.png,map_3434.png
map_3435.png,map_3435.png
map_3436.png,map_3436.png
map_3437.png,map_3437.png
map_3438.png,map_3438.png
map_3439.png,map_3439.png
map_3440.png,map_3440.png
map_3441.png,map_3441.png
map_3442.png,map_3442.png
map_3443.png,map_3443.png
map_3444.png,map_3444.png
map_3445.png,map_3445.png
map_3446.png,map_3446.png
map_3447.png,map_3447.png
map_3448.png,map_3448.png
map_3449.png,map_3449.png
map_3450.png,map_3450.png
map_3451.png,map_3451.png
map_3452.png,map_3452.png
map_3453.png,map_3453.png
map_3454.png,map_3454.png
map_3455.png,map_3455.png
map_3456.png,map_3456.png
map_3457.png,map_3457.png
map_3458.png,map_3458.png
map_3459.png,map_3459.png
map_3460.png,map_3460.png
map_3461.png,map_3461.png
map_3462.png,map_3462.png
map_3463.png,map_3463.png
map_3464.png,map_3464.png
map_3465.png,map_3465.png
map_3466.png,map_3466.png
map_3467.png,map_3467.png
map_3468.png,map_3468.png
map_3469.png,map_3469.png
map_3470.png,map_3470.png
map_3471.png,map_3471.png
map_3472.png,map_3472.png
map_3473.png,map_3473.png
map_3474.png,map_3474.png
map_3475.png,map_3475.png
map_3476.png,map_3476.png
map_3477.png,map_3477.png
map_3478.png,map_3478.png
map_3479.png,map_3479.png
map_3480.png,map_3480.png
map_3481.png,map_3481.png
map_3482.png,map_3482.png
map_3483.png,map_3483.png
map_3484.png,map_3484.png
map_3485.png,map_3485.png
map_3486.png,map_3486.png
map_3487.png,map_3487.png
map_3488.png,map_3488.png
map_3489.png,map_3489.png
map_3490.png,map_3490.png
map_3491.png,map_3491.png
map_3492.png,map_3492.png
map_3493.png,map_3493.png
map_3494.png,map_3494.png
map_3495.png,map_3495.png
map_3496.png,map_3496.png
map_3497.png,map_3497.png
map_3498.png,map_3498.png
map_3499.png,map_3499.png
map_3500.png,map_3500.png
map_3501.png,map_3501.png
map_3502.png,map_3502.png
map_3503.png,map_3503.png
map_3504.png,map_3504.png
map_3505.png,map_3505.png
map_3506.png,map_3506.png
map_3507.png,map_3507.png
map_3508.png,map_3508.png
map_3509.png,map_3509.png
map_3510.png,map_3510.png
map_3511.png,map_3511.png
map_3512.png,map_3512.png
map_3513.png,map_3513.png
map_3514.png,map_3514.png
map_3515.png,map_3515.png
map_3516.png,map_3516.png
map_3517.png,map_3517.png
map_3518.png,map_3518.png
map_3519.png,map_3519.png
map_3520.png,map_3520.png
map_3521.png,map_3521.png
map_3522.png,map_3522.png
map_3523.png,map_3523.png
map_3524.png,map_3524.png
map_3525.png,map_3525.png
map_3526.png,map_3526.png
map_3527.png,map_3527.png
map_3528.png,map_3528.png
map_3529.png,map_3529.png
map_3530.png,map_3530.png
map_3531.png,map_3531.png
map_3532.png,map_3532.png
map_3533.png,map_3533.png
map_3534.png,map_3534.png
map_3535.png,map_3535.png
map_3536.png,map_3536.png
map_3537.png,map_3537.png
map_3538.png,map_3538.png
map_3539.png,map_3539.png
map_3540.png,map_3540.png
map_3541.png,map_3541.png
map_3542.png,map_3542.png
map_3543.png,map_3543.png
map_3544.png,map_3544.png
map_3545.png,map_3545.png
map_3546.png,map_3546.png
map_3547.png,map_3547.png
map_3548.png,map_3548.png
map_3549.png,map_3549.png
map_3550.png,map_3550.png
map_3551.png,map_3551.png
map_3552.png,map_3552.png
map_3553.png,map_3553.png
map_3554.png,map_3554.png
map_3555.png,map_3555.png
map_3556.png,map_3556.png
map_3557.png,map_3557.png
map_3558.png,map_3558.png
map_3559.png,map_3559.png
map_3560.png,map_3560.png
map_3561.png,map_3561.png
map_3562.png,map_3562.png
map_3563.png,map_3563.png
map_3564.png,map_3564.png
map_3565.png,map_3565.png
map_3566.png,map_3566.png
map_3567.png,map_3567.png
map_3568.png,map_3568.png
map_3569.png,map_3569.png
map_3570.png,map_3570.png
map_3571.png,map_3571.png
map_3572.png,map_3572.png
map_3573.png,map_3573.png
map_3574.png,map_3574.png
map_3575.png,map_3575.png
map_3576.png,map_3576.png
map_3577.png,map_3577.png
map_3578.png,map_3578.png
map_3579.png,map_3579.png
map_3580.png,map_3580.png
map_3581.png,map_3581.png
map_3582.png,map_3582.png
map_3583.png,map_3583.png
map_3584.png,map_3584.png
map_3585.png,map_3585.png
map_3586.png,map_3586.png
map_3587.png,map_3587.png
map_3588.png,map_3588.png
map_3589.png,map_3589.png
map_3590.png,map_3590.png
map_3591.png,map_3591.png
map_3592.png,map_3592.png
map_3593.png,map_3593.png
map_3594.png,map_3594.png
map_3595.png,map_3595.png
map_3596.png,map_3596.png
map_3597.png,map_3597.png
map_3598.png,map_3598.png
map_3599.png,map_3599.png
map_3600.png,map_3600.png
map_3601.png,map_3601.png
map_3602.png,map_3602.png
map_3603.png,map_3603.png
map_3604.png,map_3604.png
map_3605.png,map_3605.png
map_3606.png,map_3606.png
map_3607.png,map_3607.png
map_3608.png,map_3608.png
map_3609.png,map_3609.png
map_3610.png,map_3610.png
map_3611.png,map_3611.png
map_3612.png,map_3612.png
map_3613.png,map_3613.png
map_3614.png,map_3614.png
map_3615.png,map_3615.png
map_3616.png,map_3616.png
map_3617.png,map_3617.png
map_3618.png,map_3618.png
map_3619.png,map_3619.png
map_3620.png,map_3620.png
map_3621.png,map_3621.png
map_3622.png,map_3622.png
map_3623.png,map_3623.png
map_3624.png,map_3624.png
map_3625.png,map_3625.png
map_3626.png,map_3626.png
map_3627.png,map_3627.png
map_3628.png,map_3628.png
map_3629.png,map_3629.png
map_3630.png,map_3630.png
map_3631.png,map_3631.png
map_3632.png,map_3632.png
map_3633.png,map_3633.png
map_3634.png,map_3634.png
map_3635.png,map_3635.png
map_3636.png,map_3636.png
map_3637.png,map_3637.png
map_3638.png,map_3638.png
map_3639.png,map_3639.png
map_3640.png,map_3640.png
map_3641.png,map_3641.png
map_3642.png,map_3642.png
map_3643.png,map_3643.png
map_3644.png,map_3644.png
map_3645.png,map_3645.png
map_3646.png,map_3646.png
map_3647.png,map_3647.png
map_3648.png,map_3648.png
map_3649.png,map_3649.png
map_3650.png,map_3650.png
map_3651.png,map_3651.png
map_3652.png,map_3652.png
map_3653.png,map_3653.png
map_3654.png,map_3654.png
map_3655.png,map_3655.png
map_3656.png,map_3656.png
map_3657.png,map_3657.png
map_3658.png,map_3658.png
map_3659.png,map_3659.png
map_3660.png,map_3660.png
map_3661.png,map_3661.png
map_3662.png,map_3662.png
map_3663.png,map_3663.png
map_3664.png,map_3664.png
map_3665.png,map_3665.png
map_3666.png,map_3666.png
map_3667.png,map_3667.png
map_3668.png,map_3668.png
map_3669.png,map_3669.png
map_3670.png,map_3670.png
map_3671.png,map_3671.png
map_3672.png,map_3672.png
map_3673.png,map_3673.png
map_3674.png,map_3674.png
map_3675.png,map_3675.png
map_3676.png,map_3676.png
map_3677.png,map_3677.png
map_3678.png,map_3678.png
map_3679.png,map_3679.png
map_3680.png,map_3680.png
map_3681.png,map_3681.png
map_3682.png,map_3682.png
map_3683.png,map_3683.png
map_3684.png,map_3684.png
map_3685.png,map_3685.png
map_3686.png,map_3686.png
map_3687.png,map_3687.png
map_3688.png,map_3688.png
map_3689.png,map_3689.png
map_3690.png,map_3690.png
map_3691.png,map_3691.png
map_3692.png,map_3692.png
map_3693.png,map_3693.png
map_3694.png,map_3694.png
map_3695.png,map_3695.png
map_3696.png,map_3696.png
map_3697.png,map_3697.png
map_3698.png,map_3698.png
map_3699.png,map_3699.png
map_3700.png,map_3700.png
map_3701.png,map_3701.png
map_3702.png,map_3702.png
map_3703.png,map_3703.png
map_3704.png,map_3704.png
map_3705.png,map_3705.png
map_3706.png,map_3706.png
map_3707.png,map_3707.png
map_3708.png,map_3708.png
map_3709.png,map_3709.png
map_3710.png,map_3710.png
map_3711.png,map_3711.png
map_3712.png,map_3712.png
map_3713.png,map_3713.png
map_3714.png,map_3714.png
map_3715.png,map_3715.png
map_3716.png,map_3716.png
map_3717.png,map_3717.png
map_3718.png,map_3718.png
map_3719.png,map_3719.png
map_3720.png,map_3720.png
map_3721.png,map_3721.png
map_3722.png,map_3722.png
map_3723.png,map_3723.png
map_3724.png,map_3724.png
map_3725.png,map_3725.png
map_3726.png,map_3726.png
map_3727.png,map_3727.png
map_3728.png,map_3728.png
map_3729.png,map_3729.png
map_3730.png,map_3730.png
map_3731.png,map_3731.png
map_3732.png,map_3732.png
map_3733.png,map_3733.png
map_3734.png,map_3734.png
map_3735.png,map_3735.png
map_3736.png,map_3736.png
map_3737.png,map_3737.png
map_3738.png,map_3738.png
map_3739.png,map_3739.png
map_3740.png,map_3740.png
map_3741.png,map_3741.png
map_3742.png,map_3742.png
map_3743.png,map_3743.png
map_3744.png,map_3744.png
map_3745.png,map_3745.png
map_3746.png,map_3746.png
map_3747.png,map_3747.png
map_3748.png,map_3748.png
map_3749.png,map_3749.png
map_3750.png,map_3750.png
map_3751.png,map_3751.png
map_3752.png,map_3752.png
map_3753.png,map_3753.png
map_3754.png,map_3754.png
map_3755.png,map_3755.png
map_3756.png,map_3756.png
map_3757.png,map_3757.png
map_3758.png,map_3758.png
map_3759.png,map_3759.png
map_3760.png,map_3760.png
map_3761.png,map_3761.png
map_3762.png,map_3762.png
map_3763.png,map_3763.png
map_3764.png,map_3764.png
map_3765.png,map_3765.png
map_3766.png,map_3766.png
map_3767.png,map_3767.png
map_3768.png,map_3768.png
map_3769.png,map_3769.png
map_3770.png,map_3770.png
map_3771.png,map_3771.png
map_3772.png,map_3772.png
map_3773.png,map_3773.png
map_3774.png,map_3774.png
map_3775.png,map_3775.png
map_3776.png,map_3776.png
map_3777.png,map_3777.png
map_3778.png,map_3778.png
map_3779.png,map_3779.png
map_3780.png,map_3780.png
map_3781.png,map_3781.png
map_3782.png,map_3782.png
map_3783.png,map_3783.png
map_3784.png,map_3784.png
map_3785.png,map_3785.png
map_3786.png,map_3786.png
map_3787.png,map_3787.png
map_3788.png,map_3788.png
map_3789.png,map_3789.png
map_3790.png,map_3790.png
map_3791.png,map_3791.png
map_3792.png,map_3792.png
map_3793.png,map_3793.png
map_3794.png,map_3794.png
map_3795.png,map_3795.png
map_3796.png,map_3796.png
map_3797.png,map_3797.png
map_3798.png,map_3798.png
map_3799.png,map_3799.png
map_3800.png,map_3800.png
map_3801.png,map_3801.png
map_3802.png,map_3802.png
map_3803.png,map_3803.png
map_3804.png,map_3804.png
map_3805.png,map_3805.png
map_3806.png,map_3806.png
map_3807.png,map_3807.png
map_3808.png,map_3808.png
map_3809.png,map_3809.png
map_3810.png,map_3810.png
map_3811.png,map_3811.png
map_3812.png,map_3812.png
map_3813.png,map_3813.png
map_3814.png,map_3814.png
map_3815.png,map_3815.png
map_3816.png,map_3816.png
map_3817.png,map_3817.png
map_3818.png,map_3818.png
map_3819.png,map_3819.png
map_3820.png,map_3820.png
map_3821.png,map_3821.png
map_3822.png,map_3822.png
map_3823.png,map_3823.png
map_3824.png,map_3824.png
map_3825.png,map_3825.png
map_3826.png,map_3826.png
map_3827.png,map_3827.png
map_3828.png,map_3828.png
map_3829.png,map_3829.png
map_3830.png,map_3830.png
map_3831.png,map_3831.png
map_3832.png,map_3832.png
map_3833.png,map_3833.png
map_3834.png,map_3834.png
map_3835.png,map_3835.png
map_3836.png,map_3836.png
map_3837.png,map_3837.png
map_3838.png,map_3838.png
map_3839.png,map_3839.png
map_3840.png,map_3840.png
map_3841.png,map_3841.png
map_3842.png,map_3842.png
map_3843.png,map_3843.png
map_3844.png,map_3844.png
map_3845.png,map_3845.png
map_3846.png,map_3846.png
map_3847.png,map_3847.png
map_3848.png,map_3848.png
map_3849.png,map_3849.png
map_3850.png,map_3850.png
map_3851.png,map_3851.png
map_3852.png,map_3852.png
map_3853.png,map_3853.png
map_3854.png,map_3854.png
map_3855.png,map_3855.png
map_3856.png,map_3856.png
map_3857.png,map_3857.png
map_3858.png,map_3858.png
map_3859.png,map_3859.png
map_3860.png,map_3860.png
map_3861.png,map_3861.png
map_3862.png,map_3862.png
map_3863.png,map_3863.png
map_3864.png,map_3864.png
map_3865.png,map_3865.png
map_3866.png,map_3866.png
map_3867.png,map_3867.png
map_3868.png,map_3868.png
map_3869.png,map_3869.png
map_3870.png,map_3870.png
map_3871.png,map_3871.png
map_3872.png,map_3872.png
map_3873.png,map_3873.png
map_3874.png,map_3874.png
map_3875.png,map_3875.png
map_3876.png,map_3876.png
map_3877.png,map_3877.png
map_3878.png,map_3878.png
map_3879.png,map_3879.png
map_3880.png,map_3880.png
map_3881.png,map_3881.png
map_3882.png,map_3882.png
map_3883.png,map_3883.png
map_3884.png,map_3884.png
map_3885.png,map_3885.png
map_3886.png,map_3886.png
map_3887.png,map_3887.png
map_3888.png,map_3888.png
map_3889.png,map_3889.png
map_3890.png,map_3890.png
map_3891.png,map_3891.png
map_3892.png,map_3892.png
map_3893.png,map_3893.png
map_3894.png,map_3894.png
map_3895.png,map_3895.png
map_3896.png,map_3896.png
map_3897.png,map_3897.png
map_3898.png,map_3898.png
map_3899.png,map_3899.png
map_3900.png,map_3900.png
map_3901.png,map_3901.png
map_3902.png,map_3902.png
map_3903.png,map_3903.png
map_3904.png,map_3904.png
map_3905.png,map_3905.png
map_3906.png,map_3906.png
map_3907.png,map_3907.png
map_3908.png,map_3908.png
map_3909.png,map_3909.png
map_3910.png,map_3910.png
map_3911.png,map_3911.png
map_3912.png,map_3912.png
map_3913.png,map_3913.png
map_3914.png,map_3914.png
map_3915.png,map_3915.png
map_3916.png,map_3916.png
map_3917.png,map_3917.png
map_3918.png,map_3918.png
map_3919.png,map_3919.png
map_3920.png,map_3920.png
map_3921.png,map_3921.png
map_3922.png,map_3922.png
map_3923.png,map_3923.png
map_3924.png,map_3924.png
map_3925.png,map_3925.png
map_3926.png,map_3926.png
map_3927.png,map_3927.png
map_3928.png,map_3928.png
map_3929.png,map_3929.png
